activity_id,client_code,service_week,service_cat,bill_total,currency_symbol,tech_initials,status_code,total_mins,parts_list,warranty_yn,follow_up,remarks,last_updated,rating
9447dc0d-8ecb-4017-8b22-f5b9186ce5e6,1bc256af-bf91-4d62-bb20-c1073e316455,2024-12-26,Installation,1773.04,USD,OWF,Pending,111,PartD,1,1,O1Se5kDRQ1PECXQ3GqQfJh7h3bN43v,2025-08-31 11:35:29,2.1
09963242-67a6-4aaf-9afe-ea5979814888,2f95358c-eb1d-4945-8364-cd5f6e559d3d,2025-04-24,Repair,4093.47,USD,PDF,Cancelled,296,"PartD, PartA",1,0,1E19RUB79LYJXUmdOfLvAfW5Vlalrd,2025-08-31 11:35:29,1.5
1a962b7d-4381-4aee-9bab-83ec6162582f,e213e1b9-db20-4ac6-850e-aa59bf900c93,2025-06-29,Maintenance,1720.06,USD,RHK,Pending,98,PartD,1,1, JsT75f esL9gbNWcqZ45SZgeKcC1R,2025-08-31 11:35:29,4.8
5143ac58-d6d8-4d1f-88b1-808ac7501400,7ffbbc50-e81c-4472-9fc6-e8d18e9d304a,2025-04-06,Installation,4695.48,EUR,LNW,Completed,243,,1,0,DXCSqQ2trxLgQP ACh6XQT8AuAg40D,2025-08-31 11:35:29,4.8
41172766-3a53-486c-b55a-88668afd6b06,490af916-946b-45b6-9f8b-c0f595d65cc8,2025-03-20,Inspection,4271.84,USD,NKW,Cancelled,313,PartB,1,0, VR1jCvrV9bhI3ewwiLeUAKzYuKbu4,2025-08-31 11:35:29,4.2
d006343d-ae3b-426c-863b-249f379524bf,a8122114-4486-4f31-83e1-9738f969eb4c,2025-04-08,Repair,950.61,INR,ILG,Cancelled,48,"PartC, PartA",1,1,rRNAtgbPN2C894Fb52mz286cZZ49WH,2025-08-31 11:35:29,2.5
05d6e13e-f8b0-481a-aa9b-8aad52e4c25d,ffe43432-e08e-485f-a145-7f59dc0d58c8,2025-01-16,Installation,1583.32,INR,LUG,Completed,211,PartD,0,1,rAQLF8Zo 5joLmNgK4Y8sMEPtaBtVx,2025-08-31 11:35:29,1.2
76d0c9a3-2051-44c1-b2cd-889921b2a861,568ee84c-833b-4509-b4b0-daebee8505ed,2025-08-11,Maintenance,2893.72,INR,CSM,InProgress,274,"PartD, PartD, PartD",1,1,4m1pLzlCaCQ5Yg1f4uZbofwGy1Vbqu,2025-08-31 11:35:29,3.6
cbb65780-0659-4c0f-b2f5-f7094b0b1526,d277b8d1-aa6d-49bb-a718-42b46c36cb18,2025-08-13,Inspection,1332.62,INR,OFN,Completed,258,"PartB, PartD, PartD",0,0,wBniMgaxJnTc89L0RZl46RSanUvDML,2025-08-31 11:35:29,1.5
43c08030-1104-4754-b6c4-1ac8e8d41c03,fdc66cc8-0a30-4902-89f7-620e175339f8,2025-02-23,Inspection,3773.45,INR,GLT,Pending,46,,1,0,QoPbGYUPmiyVYR4et5VLF4A5s3BBL1,2025-08-31 11:35:29,2.4
04d8b06c-9890-478f-bd8a-3dcbd411134c,cd9c64c4-b0b6-4a2d-b10b-cbd4829b8fec,2025-03-12,Installation,4108.34,USD,AGR,InProgress,169,,0,1,blERSa7v1UCQ4sFHIQgFnutVSEHaAr,2025-08-31 11:35:29,3.6
0326afbf-8860-4ee6-ac4c-88f326de3a89,26b5fff7-f74f-41aa-a485-992a2629a22a,2024-10-16,Repair,2168.86,INR,XAE,InProgress,270,PartA,0,0,8L1G1KPYE0YAU3vYXf923PXkVBfYAe,2025-08-31 11:35:29,3.7
47356775-0769-4089-be67-cb9d23c1363a,a0c81e55-58a7-40c3-9283-0943be080423,2025-03-07,Inspection,4839.86,EUR,NRH,Cancelled,351,"PartA, PartC, PartC",0,0,fFN 8IKe5zsiuPjwX54anWOapnl H0,2025-08-31 11:35:29,4.9
36bf33c7-6003-4b74-ba1c-a33387fb518a,dcd01dbc-9fdf-49b4-b41d-46b7b1602f26,2025-05-01,Repair,1391.32,USD,VTT,Pending,170,PartA,0,1,NgXmULjDXkEf47vo51ctGGrBXLnw z,2025-08-31 11:35:29,4.6
4608376f-2e4b-4891-8fe4-b23b40f29776,3e913e76-472f-42cb-a8d8-cae689582d8e,2025-05-19,Installation,2242.04,INR,RMT,InProgress,75,"PartA, PartC",1,0,2oUo2K6SUWy8R2tBScHEcAhsXzdI P,2025-08-31 11:35:29,1.8
386324f5-23d3-4ed6-b605-1097f8ca1141,76170904-e245-4281-9bf3-972c00236fd9,2024-10-13,Inspection,3694.24,EUR,EGN,InProgress,477,"PartA, PartD",1,1,88ZAf8oQ7PjLnEdpuEMpJCvUZky018,2025-08-31 11:35:29,3.4
d341f8b1-d24e-4785-b123-38e8aa12ac53,f563055f-3787-462c-b374-eaa3721f2f79,2024-12-07,Inspection,3458.7,USD,PXQ,InProgress,283,PartC,0,0,9gCsdDE6Uuik du7UPUK2bQ3brSQ3k,2025-08-31 11:35:29,3.6
7965eed8-add7-471b-84af-0497f59d2138,d4c55883-48dd-42bb-accc-08ab12bbcfb9,2025-04-24,Repair,4677.1,INR,NKF,Completed,218,"PartA, PartB, PartD",0,0,zq6Ra95SvPOljam6gqybxeoStnp0ZZ,2025-08-31 11:35:29,3.6
cde2a8dd-35db-4e1f-a23b-057c02ce6fbc,bdc53f08-e8fc-4fbf-810d-7b9c155577aa,2024-10-22,Maintenance,2739.93,USD,GKP,Completed,178,"PartB, PartC",0,0,UnyLA46xegOoRvGHuaUfX404gdB32 ,2025-08-31 11:35:29,3.3
4ebb1500-e7c4-4155-94db-9c55721316d2,05e0781c-f8ba-4361-88ab-77a6700096b7,2025-08-10,Repair,2817.21,EUR,LQQ,Cancelled,237,"PartB, PartB",0,0,ntip MQLQZWROUxkRH7S5X39QVRqBu,2025-08-31 11:35:29,4.2
7387c82d-fbfe-40e6-979f-d2b25f820335,dcc4b79a-d623-4734-a11a-50ada1a381eb,2025-05-08,Repair,942.33,INR,OSL,Completed,389,"PartC, PartC, PartB",1,1,Ga0pm1eJteUhMW9uGFdrlOU 77c0X6,2025-08-31 11:35:29,2.0
597da00c-11bc-48f9-b890-97cd1f4cf958,884b6c27-40e8-4696-bd93-65f730e1936e,2025-08-04,Installation,1178.15,USD,YWA,Completed,120,"PartC, PartD",0,1,IhGLHnVBgzMhyeP7aIGH8esBfkGrI4,2025-08-31 11:35:29,4.4
c43d25db-45cb-490e-abc9-f7fbf8afac26,f9c99f93-6001-494e-b07d-d7e40a3f70e3,2025-04-16,Maintenance,836.66,INR,SVX,Completed,103,PartB,0,1,7b3PkKjPPulRwTX3RZdZZmcOn0nz3W,2025-08-31 11:35:29,2.7
7a8068c8-2a49-4eb2-b74a-6abec9820d9d,f132e587-afe7-450c-8db5-68d237d58055,2025-07-14,Inspection,1192.6,EUR,BKY,InProgress,466,,1,1,lF w3d271 vc6PmbVQay8EbLauIrRM,2025-08-31 11:35:29,4.4
148a9d18-436b-45c9-8572-1c7dc7d271b9,64a64a23-adff-4350-a697-357543c7876e,2024-09-03,Inspection,2655.32,INR,VNN,Completed,203,"PartB, PartD",0,0,PXoho8vlr8udQP92kz1B3GrI1mY6z7,2025-08-31 11:35:29,1.8
ab8e40c5-3d09-4e48-b91b-e04446711fa5,78f89f23-6409-4c32-891c-5a8974a25ad8,2024-09-20,Inspection,4447.62,EUR,RCR,Cancelled,73,PartA,0,0,ocXEFucneGjH9jBu0 zv23fXynx  N,2025-08-31 11:35:29,4.0
60345c80-d120-49e7-91db-1678ba020cd8,fcd96d64-a439-4880-9868-82bb7e96c800,2024-12-02,Maintenance,4175.39,INR,ZQC,Pending,179,,0,0,xXVg3ZwQl8I4K46wMZuLBssFbXhtOT,2025-08-31 11:35:29,3.7
7a3c1eb4-2009-4acb-90a0-653a0b6b625c,fe375ec1-9716-43bf-9573-186a2920ff98,2025-07-09,Maintenance,2598.53,EUR,PDK,InProgress,445,"PartA, PartB",0,1,VnTPOiwaNqkhQNXRBa3WYBqNlSMVg5,2025-08-31 11:35:29,1.7
e635b970-91f5-4062-8d5f-ca8db5ff1ee3,d9894567-93a3-4b78-a887-de7b6a7bf4b7,2025-04-04,Inspection,1290.87,USD,VQJ,Cancelled,410,"PartB, PartB, PartB",1,1,gMTvVvYdDsavyBLPNlnfUpkWhhsASd,2025-08-31 11:35:29,3.9
d37824df-535c-47a6-9962-527d7811bc23,5a15e517-e622-4159-8fd5-e54f90f0c662,2025-03-16,Repair,3666.75,INR,LGJ,Pending,379,,0,0,Jwz2THQ6t01S9cDoQTuQPBJfAQSYyh,2025-08-31 11:35:29,3.0
35625225-4f4f-4065-8a9f-657bba536700,f986d162-e8d5-4ba2-ac16-f880a25f931d,2024-10-02,Maintenance,2899.3,EUR,PRG,Cancelled,277,PartC,1,0,07RWRD EOdyksH3NG9iRzgriTS0W W,2025-08-31 11:35:29,4.1
e72a820f-5c5b-4891-add8-ba97b654e0ee,beec5e9c-3b7e-4ea4-bcc1-98bfa6b24075,2025-07-07,Repair,732.05,USD,ONR,Completed,475,"PartC, PartB",0,1,3iVGngALJUPhA2fbJX5UgcnAKk4wn2,2025-08-31 11:35:29,1.6
10be5701-183d-4902-a2cb-4810e2e459da,acca8f16-eb80-4aa5-bacc-25539491a209,2025-02-10,Installation,1972.67,INR,RZR,Cancelled,65,"PartC, PartA, PartC",1,0,wNrO3SnN6tes7vkfNaSOsBhsDO1uK5,2025-08-31 11:35:29,4.1
7fa76d33-482a-411a-a266-541cee63a12b,7ac270d0-0108-47c8-adf0-2864a5f3f9d2,2025-05-04,Inspection,4635.51,EUR,WSN,InProgress,348,,1,1,s01AuOM96ho8G5nijTztQju2SLVthk,2025-08-31 11:35:29,4.7
640f8249-0580-43df-a2c6-4de825bf2e5e,c52ed135-33cf-4e63-9297-f492d2f2900a,2025-07-23,Maintenance,1938.11,EUR,RKR,Cancelled,216,"PartC, PartC, PartD",0,0,9QInsLIc 7Monv0dDCRQ35Q5qC5RGh,2025-08-31 11:35:29,1.1
0c4266dc-ec77-425e-83e6-983dccd59eb5,fb83d1f8-1ac0-487b-84e6-3cabbfc01e40,2024-11-14,Inspection,651.94,INR,VQJ,InProgress,461,"PartB, PartD, PartA",0,0,Xh52bwfF PCj5KAc1B4RZDKSEwPjc3,2025-08-31 11:35:29,3.6
d96af6d6-9c3f-4bf1-9535-82aa5980b170,21507654-4d61-44f0-b36f-94978e50dfff,2024-10-02,Maintenance,1170.59,INR,TPL,Pending,46,PartA,0,0,mQyJOJbp8sveIW1PmRrVBWALZbrtRT,2025-08-31 11:35:29,1.5
4f52347f-bb10-47d5-bcde-baf0e1630d4a,559fd7c1-10bf-4f2e-a860-f0ce7dc4e80c,2025-06-11,Maintenance,2094.35,USD,HRS,InProgress,97,"PartD, PartA",0,1,MqGLTqvDz1dvbKZ8YTDTtmKgb3OLL0,2025-08-31 11:35:29,2.3
07aa4eed-8a0d-46aa-bfa5-fc9f12bacde3,1d7478db-6444-4228-ba47-f06f5cc12c55,2025-05-22,Installation,1741.22,EUR,FPL,Cancelled,327,"PartD, PartA",1,0,c9uop2TuozbF FpRvRujqR3X 49Ko1,2025-08-31 11:35:29,4.0
99438bcd-39a5-4522-b505-896e1cbac0d2,e8f107ba-f01f-4ee1-9e95-062dd8f4e83a,2025-03-18,Inspection,3695.98,USD,OLO,InProgress,420,PartB,1,1,6YruzSTEzR5AcbZ6y9VPSXGPDFPy2L,2025-08-31 11:35:29,3.9
7de3edb3-a346-412b-918b-04f46658bb74,07a3147f-9287-48fb-a828-de00e944612f,2025-07-21,Inspection,2523.78,USD,JSI,Pending,64,"PartB, PartB",0,0,qXspVBuPlFKqIuxj1aaRf uQ3Ji214,2025-08-31 11:35:29,4.1
718b7395-7dc5-4278-9db2-b9bc4d979948,7f6e2840-8241-44a2-b88f-04b48024f26d,2025-05-01,Inspection,3149.7,EUR,WYI,InProgress,354,,0,1,mrE5oN1fuEvvRTHWQ0vBw96E9CPpMC,2025-08-31 11:35:29,3.9
7a6018e1-3175-4d01-906b-7355be8aa1b6,88a5d14c-5f62-422f-abb8-ad170867e18b,2024-12-08,Repair,1313.9,EUR,NEI,Pending,432,PartD,1,1,oZPeHTGmnfAoQEo IpNaOB G6OMCsM,2025-08-31 11:35:29,3.5
52ec214b-0ccb-4288-9a29-ae4ca50c1c45,09ae9858-2026-424c-a839-54348779ecc9,2025-04-25,Inspection,4456.45,EUR,GDW,InProgress,131,"PartB, PartA",1,1,RNZ9wFXEWYqcp 1meXQdXy4VsE5Tfa,2025-08-31 11:35:29,4.4
9c555d6e-1104-4aa4-a3ea-4ea305822700,43996e43-e7b3-44a0-90cd-bf88604bc744,2024-11-29,Installation,1700.57,EUR,XGT,Completed,308,PartA,1,0,O9BLj9DyX6yfjEksB UnRdIe83Qg0Y,2025-08-31 11:35:29,1.7
57b8d400-aefb-4ccf-b886-c11a37d39a3b,29cfaebe-a369-4173-a384-4d3e54d67017,2025-06-28,Maintenance,4660.1,USD,ZGV,InProgress,75,"PartB, PartD",1,1,vrv2VyvC6LToMRxEDvYA0mqrIECPu4,2025-08-31 11:35:29,4.9
7cbf51f6-fb02-4618-ac14-79821b3b8af5,b9e95acf-8108-467c-8aa4-e3d6bdfa442e,2025-01-17,Inspection,1506.77,USD,JCC,Pending,186,"PartD, PartA, PartD",0,0,5AayyCeoiYVJkYsgl6MHegeuIgJnKs,2025-08-31 11:35:29,2.2
3dec1af7-a3b2-412d-b662-3e2d0061e2e4,3f2098d4-10b7-4510-96b2-9d31496015f9,2025-02-08,Maintenance,3179.13,INR,DXZ,InProgress,358,PartB,1,1,7rT IDOeFKJ999474HsXZCtQVDzhJd,2025-08-31 11:35:29,2.5
7712dd4b-6737-4ca9-996a-93a27c54c29c,2b3d5c3c-c29e-4a34-9ca9-6a734d2c4dc9,2024-12-21,Repair,3813.06,USD,CHA,Cancelled,133,,1,0,4KR2GfxSrZhd8FwyOSBIy1dnCyjPyE,2025-08-31 11:35:29,2.0
10a007f2-390b-484a-a0e6-577f21a9fcf0,c8a5b921-ca74-4b02-91aa-62da73e767ff,2025-07-29,Maintenance,1067.94,EUR,AKA,InProgress,101,"PartA, PartC",1,1,h8g9YFrXMQ00Z28 ZqO8BZa7ZJZdR4,2025-08-31 11:35:29,2.6
b50e4f33-51d1-47e0-81d0-8fd8b9569a95,f6a43105-5392-41eb-bcf6-8dbb076be69b,2025-03-07,Installation,3887.78,USD,NTD,Cancelled,156,"PartB, PartA",0,0,ZrXkylNglUYVe9suXvxWhnzLc9uAVt,2025-08-31 11:35:29,4.2
b98dd988-6bb9-4502-9e33-b4d0a6172d98,566589b7-743d-4f25-918b-b9b024cc4496,2024-12-10,Maintenance,677.64,EUR,BSO,Pending,58,,1,1,vYwcbx0ADlB2x6nmeOkQveWc1Uf22G,2025-08-31 11:35:29,2.5
b510008c-8ac3-4c3f-bb3c-27afc1e77d64,692bf25a-fa8a-441e-82a2-68cbc5547b5f,2025-05-28,Maintenance,3849.14,USD,RJH,Completed,162,,1,0,cTp9fymwEjCXO6K8lf xrRzuhY3ZO7,2025-08-31 11:35:29,3.9
d4d844bb-9b6c-4cbb-a752-1ea7337fbfe8,d15c3159-dc54-45de-9b63-7bfa36dfa755,2024-09-27,Maintenance,3338.81,EUR,FLY,Cancelled,351,"PartA, PartA, PartD",1,0,dNDOPBMT3A7BSOnrPIQXBc4Ib99vxN,2025-08-31 11:35:29,2.5
e22f84d9-8c8b-48d3-9da2-f7c64ec90214,b7314f4b-c544-4d7f-9dd1-0f5ec4a3f091,2025-06-29,Repair,2938.48,USD,CMM,Pending,328,"PartC, PartA, PartA",0,1,oKhaSePV viwH0sthfJgXUrpTUJESw,2025-08-31 11:35:29,1.1
0f588494-2032-4d32-9949-5a0f7dd2a584,ede8e45c-21bb-4c8a-98d8-4818b90d6153,2024-10-01,Maintenance,3128.33,USD,BLR,Pending,405,"PartA, PartC, PartC",0,1,8vGKV rGPpeFQcW0aLWY5adpB16398,2025-08-31 11:35:29,1.7
2253e3f7-fc5b-4223-9ea5-75bfb626db10,646d9ba3-1dfa-4afc-8a70-1f2b23ff7927,2025-08-17,Installation,3662.75,EUR,TLJ,Completed,204,"PartD, PartB, PartB",1,0,q dwflVKsM3NmszSZyrKVK7aiaAkbY,2025-08-31 11:35:29,4.1
04beffa1-625f-4422-88ae-ca75ab9a14dd,e7e7bd84-37cd-401b-acb1-7ed8ba98b55e,2025-03-06,Installation,1533.69,EUR,FLF,Completed,252,"PartD, PartD",0,1,XxC1V3qBLMbgY6y1o4FnIOWAzkQHCM,2025-08-31 11:35:29,2.1
108c007d-fe3d-4dc1-9b4e-6573002b6335,68fbda75-947b-4470-a822-6d33ea5162c1,2025-08-01,Maintenance,1669.77,USD,ZXY,Cancelled,413,PartB,0,1,35W8QCguHayCIcEmXe1Cbf4TwRaPAc,2025-08-31 11:35:29,2.2
722045f4-9bbe-4a9c-8dc4-7d367f78ac5e,a2499024-eeaf-4822-a09e-9bcd3b0dd0ec,2024-10-12,Inspection,4902.41,INR,FBV,Completed,171,,0,1,wbMsQLWvbeVuiYHVq8pMaw3DAQJI9U,2025-08-31 11:35:29,4.8
12dfef0d-e6ee-4d44-948f-b7ce2dfb9d71,c9504427-cf04-42e0-86d9-19e9680a031f,2024-10-20,Inspection,1845.3,INR,ILT,InProgress,257,"PartA, PartB, PartC",0,1,4y Zl6u8qKMbowHbdRgkkjrcTxaGe9,2025-08-31 11:35:29,4.1
a95a7570-603f-4035-83ed-b7810898fcd8,cc5e0bef-fa8a-4361-b1ac-545f86125f53,2025-06-10,Inspection,1370.64,INR,AJU,Pending,299,"PartD, PartA",1,0,jR ZVh N1wwUislS5f3C4HLnX6BN84,2025-08-31 11:35:29,3.8
12ab655b-863e-48c0-b50e-9c44eaad484f,b6e915ba-74e4-4282-a08e-13c3dc0736ba,2025-07-06,Repair,1991.6,USD,IKN,Cancelled,288,PartB,0,0,G5yZP1NVBB2DC2EVZuWLsQ41mhcwv7,2025-08-31 11:35:29,2.5
4071f71b-130a-4116-9738-885770b72d3c,4949cb4a-8386-445f-9773-2b9fb577a2cb,2025-04-23,Installation,3391.66,EUR,LGQ,Completed,86,,1,1,5ffT2xs4kqd6COmKPe7OJoVlwCtq95,2025-08-31 11:35:29,1.8
756ccfed-9309-42ad-b738-f0740a9fb968,72213d5a-4b44-4675-9291-a0f7bfac5a82,2025-07-20,Repair,941.83,INR,EYE,Cancelled,334,PartC,0,0,3KDxFaTLG6SNrVSQLrTyaVRK1 ay51,2025-08-31 11:35:29,2.5
69aabed0-43e3-4611-b309-e6d397584e54,c42208a8-de6c-4f1e-a4d3-2218b22897db,2024-09-21,Maintenance,1923.99,INR,GKI,Pending,363,"PartB, PartB, PartB",0,1,L6bHy0ciA8  OyWbK4e55UtywjCOWu,2025-08-31 11:35:29,2.8
f325a1ad-f180-4df0-9331-8907834d8264,54e70d19-3d09-4693-99b3-b3eb0d2bf8db,2025-01-20,Inspection,4208.92,EUR,ZFK,Completed,216,"PartD, PartB",1,1,U2ib5wGKtYOVmaxiyH37afD xQ7ZVF,2025-08-31 11:35:29,3.3
57452c73-e378-432a-8a6e-be2caadef164,faaa7c6c-f21f-48a9-bc8f-ad707ede394d,2025-07-27,Repair,516.92,USD,UVO,InProgress,150,,0,1,rraP9BJAiqWaaWSaPudWVZTEbRvoU6,2025-08-31 11:35:29,1.3
b6262127-65bc-4ebf-aa36-27c6eee01bb1,109bf474-16d3-4dd6-a883-eb67db6d5e8d,2025-04-04,Repair,4896.12,USD,CJU,Completed,159,"PartA, PartA, PartD",1,0,1ulTzVnXjCeOknrWDPvYZpRh0maOCL,2025-08-31 11:35:29,2.6
85d89aee-fb6c-4c9a-ad14-576e986322a3,008be444-60be-496b-98ea-c65a6eefa48c,2025-04-17,Maintenance,2798.5,INR,OPI,InProgress,49,PartD,1,1,usAfrY87QifAnQAkC0NGv1o5S5VWx6,2025-08-31 11:35:29,1.8
71963f46-9a4f-4070-ae26-d14225568652,977e77ee-fdaa-4f81-9ad8-09d0a66fffe5,2025-01-16,Inspection,2364.41,USD,ETV,InProgress,287,"PartA, PartA",0,0,OaMLuuSPtOUF2YroFME1ZWPKfCcE6u,2025-08-31 11:35:29,2.4
cb4cceb2-5778-423e-866d-a0a46b0f303f,ffb2904a-8551-45be-b5eb-43e25396a322,2025-04-21,Installation,2956.19,EUR,WQQ,Cancelled,82,"PartB, PartA, PartB",0,0,fxRRJlhrntE3gjWakLlZo6iiWuIIkk,2025-08-31 11:35:29,4.2
6cac7f21-b283-4105-a6b1-5ed8b19aacd2,1ed0e341-0617-4d5e-a102-e299c61ca173,2024-09-01,Inspection,2197.83,USD,INJ,Cancelled,460,"PartB, PartA",0,1,NagAfy3WJAsgmLsMW7N2hbGWwTHQg2,2025-08-31 11:35:29,2.7
794a4188-cdf6-4895-b898-42c5ccd3b6b9,922e4fbf-fef6-4450-ae2a-c81b1151cee7,2025-04-03,Installation,3457.25,INR,IGW,Pending,462,PartC,0,1,bUm3 19csyZL9eUOZx3rUDblZOdO4U,2025-08-31 11:35:29,2.5
6dc691e0-7833-4ee5-9f95-4d5b2b3fe8ae,8fea6e43-63ed-46db-b734-60a9898764de,2024-11-01,Installation,1122.45,USD,SUO,Completed,180,"PartB, PartC, PartD",1,1,4CTIw4zdyJTxrp9fA9Esoz4YBP VNO,2025-08-31 11:35:29,3.0
6c14f445-975b-4ff6-870a-e6da0a149627,adc91936-f880-45c3-8ef5-86316e27ee85,2024-09-03,Installation,713.83,INR,CAR,Cancelled,160,"PartA, PartC, PartB",1,0,JX29mbaJYoFc4e7tj08D0z7GWyeLec,2025-08-31 11:35:29,2.8
74b394a5-f463-4c83-8ea1-96195d2ec754,509a9ec5-a8e1-471c-a4d2-20b929137206,2025-05-05,Installation,797.73,INR,JWL,Pending,239,"PartB, PartD",1,0,IpwI94NdawRecmCu87rOgTbu6bxhzA,2025-08-31 11:35:29,4.4
f5666d28-42cd-4383-9c4b-17172af630d3,b9309f0c-0ee6-47a8-af22-aba4448bdf4e,2025-07-28,Repair,3090.68,INR,XUO,InProgress,455,PartC,1,0,m6ggTVGv15FZ8pNivXbw1esp1SPiOS,2025-08-31 11:35:29,3.5
9db7f56a-8462-4b9e-8831-47ce7164aa86,3595a50c-c744-44b8-8ef6-f576acb0f11e,2025-03-06,Inspection,3584.26,INR,NCY,Pending,95,PartC,1,0,FVBhbBQxVr4XTvpCNXGY8WFxROTz6P,2025-08-31 11:35:29,2.5
8654f431-b972-4635-af2a-165b04f49c3a,678f68e4-d2a6-4f40-a890-24b68c77f05a,2025-07-21,Installation,3491.31,USD,GQH,Pending,89,PartA,1,0,XT1mpAvuRkpSJbzS8KNil2qiDN vxE,2025-08-31 11:35:29,2.0
99db833e-4903-4a5e-b8e5-7d57b0068ef4,7867d997-14aa-4cfa-bada-84786c1e5bd5,2024-11-08,Repair,2677.94,EUR,ZUA,Completed,211,"PartD, PartC, PartA",1,1,jHbgGZQG0AmgSDzosjRCQl87Nys3ax,2025-08-31 11:35:29,2.9
0b616c7c-f792-4da6-b954-9ca3d0efdcdb,3afcfe1e-4690-4ba7-889c-3f14f83c2693,2024-12-05,Inspection,2837.23,EUR,KEM,Completed,143,PartC,1,0,hbcuhTBius6oE6p71 2FhytVRfVV4k,2025-08-31 11:35:29,4.2
cf098ab9-f1e1-4c84-9473-69ca7a6a5422,25cd8315-e2c0-4562-8a18-c3660ad2e83a,2024-12-09,Maintenance,719.21,EUR,INM,Cancelled,110,PartD,1,1,U8u6R6y2kRKN3wx5zRZp3ddjZb60Hh,2025-08-31 11:35:29,4.3
8f5d6ec3-7730-448c-a8f7-0030c398b07d,ffb8ca30-8870-4c2c-a941-3e67f237d869,2025-08-07,Maintenance,1170.21,INR,YVV,Pending,447,"PartB, PartB",0,0,D8HfIzYFFqGVoRJS0Tmc2PyvDcVJnc,2025-08-31 11:35:29,4.4
250736d0-0de3-4a09-9b88-f5a06c553314,77ae1d0b-c627-4964-8e52-bd182b9f27c4,2024-12-05,Maintenance,3966.37,INR,GNR,Completed,318,PartA,1,0,HFRZcElNSsIugmvlgDbzwRbjRBjYhX,2025-08-31 11:35:29,4.3
77776747-9adc-4f40-8e32-61f71dc6e6f1,eab2bb3d-5726-4ebd-af8f-e2037cc5d9ab,2024-12-31,Repair,3984.87,USD,DZN,InProgress,245,"PartD, PartD",1,0,9fC2kTzKz5APOriAatU86LX7aMGCGr,2025-08-31 11:35:29,1.8
7eaba75c-1c15-4d92-9be6-25b80f0dcd1a,12ab59f6-9a3d-4ac1-816b-bb2b7333a57b,2025-07-17,Inspection,3177.82,INR,ERB,InProgress,214,,0,0,4qyfunsKOz eflhGB9CJvXl3vdDaWY,2025-08-31 11:35:29,2.8
0c82977f-7574-4482-9c38-b6e3a9f1fee1,3987cfd9-9322-40a8-902c-e54081f78b0b,2025-04-29,Repair,3583.23,EUR,PIE,Completed,245,"PartD, PartA",0,1,IVWKcyzLSbLq8uUhfGdZAfGcE5HZQn,2025-08-31 11:35:29,3.5
575b4208-f363-4f9c-9a6d-49340b98b79b,a7ccd9a5-5347-422c-bfea-5f323bcb95a8,2024-11-01,Installation,1626.28,EUR,RKM,InProgress,235,"PartC, PartD",0,1,A39gbKaGCVl1 ODkL5i3amhkij3 92,2025-08-31 11:35:29,4.2
9ad9021f-401b-421f-97f1-62b6374cf848,60e8af93-0de9-4ee8-88f1-ec3900949746,2025-04-29,Installation,1199.79,EUR,QZP,Cancelled,369,PartC,0,0,dz3jeT5FaRwy267FEuU8H2JxaYVpVc,2025-08-31 11:35:29,3.1
ba5e666c-0903-4031-bc49-1fa38b317d2f,3eb13f56-d932-4ac2-8db4-09ab154087c9,2025-02-22,Maintenance,3164.11,USD,KHG,Pending,191,"PartA, PartD, PartA",1,0,UimKyhOl2B4HDWBA5zsXlSQ8Y7 09 ,2025-08-31 11:35:29,2.8
ea00e173-d378-4229-a5ee-cfb10c95df7e,84df3264-11d6-4342-a124-279b805436e3,2025-04-04,Repair,4048.33,EUR,VXG,Pending,376,PartD,1,1,629Sja JX2kECBbNSMyYwIaTZkTWup,2025-08-31 11:35:29,3.1
216fff6e-b2a8-478f-8585-0d8b18fe5191,2ac46c1a-30ba-4fc3-9547-684810a056a9,2024-12-02,Inspection,3762.8,USD,ABB,Cancelled,282,"PartB, PartB, PartB",0,1,HNCXiTszsofE0fStV3YfFaxoUENw9c,2025-08-31 11:35:29,3.8
8c520a98-32f5-4cbf-a1fe-facd6b969f82,e14b36b1-5e62-44b4-a2c0-e9d403d9d5c3,2025-05-25,Installation,4424.37,INR,NVT,Completed,127,,0,0,eX5xgvHhGJ04MK684ib5FVUkecb5Xz,2025-08-31 11:35:29,2.4
16c51662-82f5-4574-826c-361481479479,a832193b-64f4-4b1a-b771-a203a0dca8ed,2024-11-29,Inspection,553.01,EUR,CJB,Cancelled,126,"PartC, PartA, PartD",1,1,dN6ijO b5jvYzZ8emLow0PHhkCQShd,2025-08-31 11:35:29,2.8
69bfb95a-8b6e-4e5b-8f0f-af379c689b72,8a09ec3e-b6ed-4ffe-a535-69cc4dcae95f,2025-05-18,Repair,1126.27,EUR,RYI,InProgress,192,"PartA, PartC, PartC",1,0,MMefOq5NqLJcKAat0P54 sZsL80Df7,2025-08-31 11:35:29,2.6
27961cc7-2754-4d29-9c20-7516777704c7,54eb54d6-274c-4c91-bac3-487b0c9ca705,2024-10-01,Inspection,3410.72,INR,BCG,Cancelled,445,,0,1,Fh1yN0wSz9FObSLYVUtpaP2u1Iy0rB,2025-08-31 11:35:29,4.2
e1e4e56b-4a61-4614-a954-eb8c3a699db7,66fcd7a4-90f4-417e-9882-c3e29355d2bc,2025-08-31,Installation,3245.16,EUR,UCW,Cancelled,417,PartD,1,1,e6f1nrvAB7fcyRR2hGoiIFsTzGebkC,2025-08-31 11:35:29,1.9
4513c1b9-9423-4140-852f-f799f8966298,8a0daf22-ac4d-4684-a65d-00b5aa41a56e,2025-08-24,Inspection,2315.34,USD,PLX,Completed,100,,1,1,oV3vBJfG0DffiUnuxH7rKlL3JahEEx,2025-08-31 11:35:29,1.3
299fe988-4489-479b-bcbd-6b7c83ebe30b,46563216-a43b-4187-be73-27d9942182d6,2024-09-23,Maintenance,4068.72,INR,TNZ,Pending,299,"PartB, PartC",0,0,OOZS3HfuhzIjicq6RBefALOFzSVKEm,2025-08-31 11:35:29,3.4
5300ed9f-7dfc-485a-b777-19817660e3bd,83d059c3-28ed-4078-aaca-9d258c258f3e,2025-03-20,Repair,4435.62,INR,ACA,InProgress,113,PartC,1,0,HS9DLU3I4ohvVbPNFuih3px2dr3KCT,2025-08-31 11:35:29,2.5
bcde3368-08c2-454a-9b09-9de622821669,79eb1837-b186-4c72-baa7-0fa981714f32,2024-11-17,Inspection,4662.39,USD,DLO,InProgress,217,"PartA, PartA",1,1,jbLJe1Qp9NCmRKhEZN 5MWyDLKaLna,2025-08-31 11:35:29,2.6
e22df45b-e024-4ca2-97e0-3fb98f11aea8,098dd6db-6486-43fd-b68c-8ce358957935,2024-11-02,Inspection,3197.41,USD,IVE,Pending,197,PartD,1,0,OfqOjo9EZ5OfmVhsid5Bhj5Xe5uLUh,2025-08-31 11:35:29,4.4
2ca9f1f6-6455-4bf5-b1a8-46d69de722ec,b42d1a47-612d-4fbc-bd99-231a838d5827,2025-01-14,Inspection,2031.72,USD,WPV,InProgress,240,"PartB, PartB, PartC",1,0,cHpbsrENOt07OYv3tyuOmrMMsdEdFl,2025-08-31 11:35:29,3.5
152df640-9273-40ab-9d02-8835c67627d8,ee8c8843-1db4-4ea9-9425-7e56df9af61e,2024-11-24,Maintenance,3396.64,USD,FPF,InProgress,285,"PartD, PartD",1,1,k27WaJBiW5bAFGgknK5KuiCuSlFKts,2025-08-31 11:35:29,2.5
cabdeb19-da31-4fb9-8d9a-810a14e99907,5af643c5-2280-43e2-9102-3a21ae93cd19,2025-01-23,Repair,3134.08,INR,CUT,Completed,147,PartA,0,1,8PoP vMFne9Mc XgqlcWUxxPDq7tq ,2025-08-31 11:35:29,2.9
93195d43-7899-4640-a599-651a7bd22a8e,ac03e571-4505-4f10-95c0-23ed0b08818d,2025-01-05,Installation,1528.9,EUR,VFZ,Pending,235,"PartD, PartA",0,0,1UmXhlbkXrZsBN5bihUYOpmzpEFFKN,2025-08-31 11:35:29,1.3
43983b89-1bb4-411d-9f7d-653dbfb89bfe,090ec7f9-9a7d-4ae4-9d5f-8db0417414f3,2025-05-30,Installation,2539.89,INR,KAS,Completed,438,"PartB, PartA",1,1,uE74P0amwVElHRb5uFW09zOOGdWUiE,2025-08-31 11:35:29,1.5
b675f7f0-3eb7-45a9-b154-1f0ddd1e4817,7122143f-341e-476e-b082-b0ea418427aa,2025-04-25,Repair,1176.64,USD,FFX,Pending,378,PartC,0,0,icZIxD7pW2KY D1U 2rNzHJUuJBrpA,2025-08-31 11:35:29,2.2
fc4f6433-b000-431b-a455-5bd68bdcfb1e,e4a67b90-bd0c-4e13-bd20-2661227316bb,2025-08-19,Maintenance,2996.05,INR,EQD,InProgress,478,,0,1,azssWyxZ9NhGgQRLtQ0TLlLETuLP6O,2025-08-31 11:35:29,3.9
bdda5890-2793-47db-8c83-5f7861e2f4af,f836ab73-e04a-4443-a83b-feba07346999,2024-10-19,Installation,3064.56,USD,KVK,Cancelled,123,PartB,1,1,1kNOLInM8FQF1xN4OpH2jnGwZxT s5,2025-08-31 11:35:29,3.5
51ef0073-e374-448d-b814-3b3f3916da49,3875f026-14a1-4b45-94e8-b516e700fec0,2025-05-06,Installation,2425.79,EUR,AID,InProgress,177,,1,1,YKVcdVnT0w72fOSdtZ15CSXHhW00y4,2025-08-31 11:35:29,3.8
ccc39187-99ec-4ab0-acba-3de4d7fc2e55,2f7cb8d7-c8dc-4e5a-972c-33968903815d,2025-06-15,Repair,1436.83,EUR,YTE,Cancelled,287,PartD,1,1,VvWA28nTGtzh hvXG PBE14y9ipEY ,2025-08-31 11:35:29,3.9
354ce676-a7fc-407b-b9b6-f50e6c357e66,eb081bfd-77af-4689-9d07-94d58faa40a0,2025-05-17,Repair,4692.69,INR,ZDR,Pending,444,PartD,0,1,bOWrLBOmilTFZnnV3liyTwm2w5kE7q,2025-08-31 11:35:29,2.7
23251d0f-a97f-4e32-ba30-d8a2bdd3953c,3259ca0b-7266-47e0-adea-5d84b38ee0e7,2025-05-03,Installation,3768.26,INR,PPW,InProgress,219,,0,1,OzEwFenbXngf03atMJMJRP0S4R6f8w,2025-08-31 11:35:29,5.0
9f015c0a-3ff8-4938-9f37-d44c1705dbf8,dbc877f4-3cf6-40a6-bb91-3bc11fc876c9,2024-11-18,Maintenance,3024.75,USD,TSG,InProgress,263,PartC,1,0,9lG6PUzlTo0wjtODAm7j3TcjRWcSXB,2025-08-31 11:35:29,3.7
d8a0c493-afa4-403d-af1b-3d2adb46fb6f,37f0f6a9-5105-43c6-845f-3f5f2e0a5780,2025-04-10,Maintenance,505.67,USD,FQG,Pending,206,"PartA, PartA",1,1,EO4ACBemEvhxVnU2XzFiaoqWA5GfSW,2025-08-31 11:35:29,2.0
4ada2fec-cd53-4429-a7b1-68c347ffb0cf,9028b441-76f5-4504-be5a-ab07f2fbc5cc,2024-09-11,Installation,4665.78,USD,IVR,Cancelled,178,"PartB, PartA, PartC",0,0,Af70JfaGYIv4utVLeWvDtIiBK0ZqqK,2025-08-31 11:35:29,1.2
18bb82d6-fe37-4237-8179-c0a820b6f91b,9887127d-7d35-40d0-b0fa-8788b41306c8,2025-01-01,Repair,815.91,USD,YCZ,Pending,125,"PartC, PartB",0,0,bGLSThkcuyRQtYRukWJGZ8aNGWnnb0,2025-08-31 11:35:29,2.6
fed715b3-de73-4726-8201-79983fee059d,78e10eb1-70bf-4c8b-976e-6fff03184d70,2025-06-21,Inspection,2995.44,USD,BOR,Completed,399,PartA,0,1,lFSAXpeDqPGtuSUGPngBgKqltRoVzU,2025-08-31 11:35:29,3.4
d20bb378-5b2b-435c-b6a5-b7393d2c12aa,69d5ebd2-7b8e-499c-8428-f40c2c126a44,2025-04-03,Inspection,1624.44,USD,TIW,Pending,52,"PartC, PartD, PartB",0,0,VGwdKJjEnQEf8X7Xggh gy7Nwo4Dpj,2025-08-31 11:35:29,1.5
628e2b9a-cba8-4b5a-b84a-5597cc2f98b9,a938bddd-c720-48a3-b65c-c25801bcc310,2025-06-25,Inspection,722.64,EUR,MIE,Pending,325,"PartD, PartD",1,0,SQsadHAbgF8kAMs7i7lSrz9CvaM7CD,2025-08-31 11:35:29,4.5
d6e7bfa1-3c42-46d9-a9de-ec18e59633a7,ea5fedfc-c22d-487d-853c-363de215551d,2025-04-10,Installation,4666.35,EUR,NYL,Completed,304,,0,1,kuVM1G 3Fp1tEikaCs6Tr9762qQoRq,2025-08-31 11:35:29,5.0
7e7fac98-162b-4d17-ae89-9ad221a5d202,fa2064cd-858d-4269-9f5f-3dc871a9a6d8,2025-04-03,Inspection,4910.07,INR,CMT,Completed,149,PartC,1,1,RLv9rf4z45mEA4WzH5k8ozMKI A4id,2025-08-31 11:35:29,4.1
85fbafda-7b93-4075-a447-a403b78c8bdd,c8e8d048-9436-4001-b610-64612f1a70ed,2025-02-01,Repair,2682.01,EUR,JWU,Completed,254,"PartC, PartB, PartD",1,1,JXNNHjl3RAWEswc00C1ZbAA5GYcLTe,2025-08-31 11:35:29,2.7
5cc4e8df-3560-4719-ac6b-941f20b151b7,8d3f0134-922c-461b-93fe-e5a0a9ccaedd,2025-04-12,Maintenance,4709.64,INR,VOE,Cancelled,124,"PartA, PartD",0,1,jl6Bivue9hjNmmVEC3Tj3Zne4qA8j5,2025-08-31 11:35:29,2.0
b6bf8228-04f3-46ae-839f-912bd5f64532,96bd2879-5212-47b6-8a8d-38cf3638edb6,2024-09-06,Repair,3044.69,EUR,WDP,InProgress,454,,0,1,5gGWbiMEp7MuD0VXAVW9zLUedPocFn,2025-08-31 11:35:29,2.1
f8e05087-305d-45d6-9cb4-51f238dfb72c,b6c48e6a-470d-4f57-85cb-9b76afcf8067,2024-11-10,Maintenance,1685.52,INR,OVI,Pending,464,"PartD, PartC",1,0,sTcVKhnN2vLkSoWXxrJ0xb9DQ426qU,2025-08-31 11:35:29,2.9
6d8cec4c-6169-4611-bd78-1b5eac89b01c,45057759-8002-4cda-964d-ed37ffb0d9f6,2025-05-29,Repair,762.66,USD,WUE,Cancelled,351,,0,0,uXGduhji9XpyaZ9cuXahbU02y6m9Du,2025-08-31 11:35:29,1.2
2ac1ec24-29ad-4198-affb-e8aba43a0aeb,73708842-4b35-4a90-ba17-51c90837c253,2024-12-09,Installation,4186.86,EUR,JSV,Cancelled,195,PartC,1,0,s5Z3q0KQJ51lsBjEfL7YtseIdnAele,2025-08-31 11:35:29,3.9
b8c025f6-813a-47af-95fd-7aef4877b871,65c366e0-3fa3-450b-a88d-8d50d2fb4acc,2024-11-16,Inspection,1611.43,INR,RGJ,InProgress,305,,0,1,aCy5Ja2LABI19UtsHgZvwAWr d kee,2025-08-31 11:35:29,1.4
db1a9f3e-e139-415a-9ae6-4aaee05d13d3,694e9868-e4cd-4bd1-a00d-d60f03b849d6,2025-06-04,Repair,4086.33,USD,III,Completed,140,"PartA, PartC, PartA",0,0,mgboNgecVMBM0WfVlVeQZc5Yh5P52M,2025-08-31 11:35:29,4.0
541b000f-4029-4719-80bc-5b9e29b76156,0435d633-cdad-47c2-8664-31f71e49cc81,2025-08-16,Repair,2797.14,USD,LOI,Completed,113,,1,0,x0UG1NCsEAcXmuVKBg7JOaCDrGSvZ2,2025-08-31 11:35:29,1.1
0293631f-344b-4c53-bfa4-47b23afc265f,343e3498-5f85-402b-a89b-6c7c7215bcd5,2025-01-22,Maintenance,2827.58,INR,WMW,Cancelled,443,,1,1,IZWJZiJrInQ6jjt3bIEzth3WMaqZIx,2025-08-31 11:35:29,2.7
7bfa9bb3-e542-4181-ac78-7ed0bd53b24d,7540cccf-8837-444e-a303-dab1e06f9bfb,2025-05-07,Inspection,2548.95,INR,YTC,Cancelled,88,"PartB, PartB, PartD",0,1,rJU5Go9JoLvzGm6HJRzPOMzdprGmH9,2025-08-31 11:35:29,4.9
5d1786a6-582d-4d43-bd59-70762d067e58,4138a6b4-8106-44a1-a09d-1acc74388bc6,2025-07-08,Repair,3185.62,INR,WMF,Completed,172,"PartC, PartB",0,1,I4R2maMRZUqnNZA45uVO QfLj2arhj,2025-08-31 11:35:29,4.2
4308eb5a-b6c1-4ea3-9416-095a9b636abb,c29b0e0e-23e9-4f8a-aef8-002928577b59,2024-12-10,Maintenance,2703.6,EUR,CDV,InProgress,382,PartC,1,1,PtKOyk8iCDRwDHdr1c9Myin9lgnIy9,2025-08-31 11:35:29,4.9
ae7f954e-a454-4c0b-bff6-15acc7bb364a,c31dc177-f480-4f22-8d5e-35e77e6c8b57,2025-01-22,Installation,4352.57,EUR,HBC,Cancelled,413,"PartD, PartB",0,1,w7ii4AhUSA6ZImZ pPNXX0jgBHuGpC,2025-08-31 11:35:29,3.1
101b20b5-e12f-4347-99c7-494242c00bc4,0e0dcb62-edb3-420f-8fdd-9c63d7ff09b2,2025-01-08,Inspection,1779.73,USD,ZUB,Completed,347,,1,1, c3P3UBa8RSAaRKI0YVxH3UlRYieS0,2025-08-31 11:35:29,2.2
65ebf791-8781-4d3f-8311-30bb8d3a52e2,747c8467-db7b-46c2-ab66-17ae41153dde,2025-03-04,Repair,4943.76,INR,SAW,Pending,367,"PartC, PartA, PartA",0,0,YzXBc4wMncGdm5nspmXnZzFPPE2s9 ,2025-08-31 11:35:29,3.6
86ebe651-aa6f-45ff-9772-1e767dc3edb3,bacffdcc-153d-457e-9e5a-0781d97714fd,2024-10-27,Repair,1351.51,EUR,SYK,Cancelled,333,,0,1,TNAkdzwsQcuhzl1COvKPd4pWcfR3rj,2025-08-31 11:35:29,3.9
e2525975-b866-42c2-aa3c-7f7c44b30655,06fef4f5-716e-426f-9cd9-2ded09d14409,2025-04-13,Installation,1998.68,INR,CTJ,Cancelled,103,,0,1,aGqieSXT 4b P2cjyEGs bQiBd3ltt,2025-08-31 11:35:29,3.1
24c830b1-2b49-45b7-947f-9ac6dd6a4fdb,2f414d47-3733-474a-be4b-18df3da198aa,2025-07-04,Installation,2052.06,INR,SKK,Cancelled,261,"PartA, PartB",0,0,4DYZv2xC8ISDqZAe2mQlsX4 XmDxwv,2025-08-31 11:35:29,2.2
3db1dda8-a752-469c-a5e0-202e8a02a9c1,9bc967e9-1d0d-4cbc-a4a1-be76dedc8a0b,2024-12-01,Repair,946.7,INR,NUV,Pending,345,"PartB, PartB",1,0,FpDMk8DjEOgkwgeBHlYSD9FRjHU2gK,2025-08-31 11:35:29,3.2
6e99bfaf-2684-4dd8-96f1-326505b7d4db,198c95ec-152b-40a4-8e39-265980c7e467,2025-04-06,Installation,3365.68,USD,WDG,Completed,61,,1,0,fPmgDKX4CA3BNVgFtqqiWMpJxZ8Cea,2025-08-31 11:35:29,3.2
c3bc7e13-f0d2-4ece-9f7f-8d9131678515,b5176044-b837-4fc2-9bab-fe60d4cbc375,2025-07-16,Repair,1333.57,INR,ARW,Pending,220,PartC,1,0,WBg1D9fT1jl7E5JSaxGj AgYIWjti4,2025-08-31 11:35:29,4.9
24500b83-a206-4247-9eab-792c843630d5,67594f58-e383-4a9b-840a-9268924ce53c,2024-09-16,Repair,2474.23,USD,LAF,Completed,83,,0,0,PDdOkF81N3wu7iCsMDa1134VjuPAli,2025-08-31 11:35:29,3.8
4b3891f2-1010-4f7a-9e5c-d65b60e951c8,3fa3edee-0845-497e-9d75-36f0923b746b,2025-08-08,Repair,2435.12,EUR,BWV,InProgress,258,,0,0,wdz8kFsnTgZxJEaZAmfbpGXzX2Kx63,2025-08-31 11:35:29,1.0
e4b3365b-c88e-42a2-8c0b-32aba119a087,cdbc32b0-6755-4220-b3b3-fd8d59eedeb1,2024-10-18,Installation,4474.66,USD,JLK,InProgress,342,PartD,1,1,L5IQgx08pfv8ten5uL0AaR5fK 9IY7,2025-08-31 11:35:29,3.0
7d9ca1ad-1792-41f8-b14b-7481ab69f539,57540099-93c1-4a2e-b827-3203757e31f7,2025-06-20,Installation,1137.14,USD,SAC,Completed,163,"PartB, PartD, PartB",1,1,uSbGPYMx5B6k6783NDk2aIOX27TbFv,2025-08-31 11:35:29,1.3
e8a16f72-2399-4f0a-92c8-2ec580214687,5994fea2-1b63-4f58-9b29-7f0a97abb99a,2025-06-25,Maintenance,4056.96,USD,VYX,Pending,328,"PartA, PartA",1,0,A9EwuuxYmrZSR7Tf1GydrPTIJDa4u3,2025-08-31 11:35:29,1.1
b13b2b11-2164-4ca5-a3e9-6e69113d9974,6a23b44e-90ab-48b3-b8ed-f7282ed20a8a,2025-01-09,Repair,4542.07,INR,EDX,Pending,324,PartD,0,0,LG8Ti5CahpAcy60Fs6zkNa2oz2CVTz,2025-08-31 11:35:29,3.2
d40c6b2f-9554-4c19-bc9e-904ebbc0e71b,902e5a81-ba3d-4766-b2a8-80cf7a7614a7,2025-03-31,Repair,4848.11,EUR,UJV,Pending,179,,1,1,NizF7v5bZ1gX5PdEO5ysxdfSh GLrn,2025-08-31 11:35:29,4.5
6c1ed036-9a60-45f6-9915-9428d3966a90,3afe1603-ceb5-42ee-8be4-e41b6f5c9d1a,2025-08-16,Installation,2890.4,EUR,GQF,Cancelled,230,PartB,1,0,PeAKq60BzX99Kw1geOVcKgB3w5v3lv,2025-08-31 11:35:29,2.2
29a8a425-9ab5-4e73-a071-a8217d12fd22,80e38f64-5652-4629-94b3-908323eedb7c,2025-07-15,Repair,2484.73,EUR,DPD,Completed,334,"PartC, PartA, PartC",0,1,IOE4D5z0UXPws8wsrBBr1UtgNGqFP9,2025-08-31 11:35:29,4.9
62ec2855-2abe-4d02-bc66-d06a9e841ba6,33b629f6-ebc5-4151-93fb-6559a869605e,2025-01-14,Maintenance,2421.77,USD,CKR,Completed,348,,0,0,s619zn86Yslmy2ROSiEv8r5Kr1dgYE,2025-08-31 11:35:29,1.5
9b1d157d-44c9-42ed-9421-62aaf73614c0,64eff127-ba44-4013-a2df-e46abb0dd3c5,2024-10-20,Maintenance,1459.95,INR,RFY,Pending,403,PartA,0,0,hU7DjeX0KJ8q4SYi8ySmXjxQ8p2kxd,2025-08-31 11:35:29,2.1
7809f92d-a158-446d-b0b3-012c63168faf,22fec2bb-accc-4d89-b3b8-a55c3b96ba1a,2025-05-12,Installation,3899.55,EUR,OHP,Completed,338,"PartA, PartB",1,0,NS9z0CUPP0uio  xB2nxPlNiY4zpMx,2025-08-31 11:35:29,1.0
b3d44ced-23e8-466f-a726-8ec4b06e030d,5c8f02f9-6f62-4b7d-8411-203570cc4538,2025-03-14,Repair,4709.41,USD,LBS,Pending,433,"PartC, PartA, PartA",0,1, UNY30TPWiK0832nszVPcwJDVWx1pr,2025-08-31 11:35:29,3.0
a19d7394-eb28-4d3e-81d6-da0e337ccadf,464235ab-a491-49a3-a1e3-9d43f7ec2958,2024-11-15,Installation,4467.28,USD,IVC,Cancelled,68,,1,1,FeVWqtX6HLGZ8T9X89bRWdTgXOez0G,2025-08-31 11:35:29,5.0
aa5f9d15-6aa3-4cf5-a3a4-dd5e6d04c4bf,2846c5c6-e818-41a0-922c-686f0ec836d5,2024-09-09,Repair,4112.45,USD,TZA,Pending,209,"PartB, PartB",0,1,5rRexDNTDtpqFBS0GddTrOacfBpBFB,2025-08-31 11:35:29,3.5
a70f3148-e5cd-438a-aa66-9a01a25a186c,dfd6aa19-257d-4673-a0e2-c559c919e006,2025-08-04,Repair,3131.38,USD,WRY,Completed,73,"PartA, PartC",0,0,N5U1hDklygkljj57O2WDCZRyktKHC ,2025-08-31 11:35:29,1.9
1f9ab79c-71c6-4444-87f3-525bab7299bb,f80c5355-cd4e-4810-ad5d-986875cc39da,2025-04-24,Maintenance,4162.67,USD,JKT,InProgress,274,,1,0,DUCBydflJ wwTl4D0g7ZhJpgiC8dBz,2025-08-31 11:35:29,4.3
0c689aed-34d6-43a2-876a-f88bc27a5cc1,0c4682cb-4824-416a-9541-39a664a4bdf2,2025-08-24,Installation,4793.28,EUR,MFX,InProgress,46,,1,1,L8oVRLqvHcTYYCV1VhYpflypM2vrqN,2025-08-31 11:35:29,3.3
72b83ef3-c87a-43d0-9bf4-57f71706d1d1,f40243b6-fc1b-4d67-8874-851924289726,2025-06-22,Maintenance,4389.84,INR,YTB,Pending,314,,1,0,diO10ufSoyW150iquu3Z7S5okHeWU0,2025-08-31 11:35:29,4.5
ab0c5551-885a-4fe7-8662-30283738dec3,c773721b-9653-491b-a488-a27f4fbe67b4,2025-01-09,Inspection,2526.93,INR,OLT,Cancelled,367,"PartC, PartA",0,1,t9Gmtj Uy5ZJz4NRSJD 4TZ9Gch2Dy,2025-08-31 11:35:29,3.0
47f14abd-8129-4aaa-842c-fac3c52e538d,b703aa75-268c-4ac4-a374-2b485b5f4370,2024-11-06,Maintenance,4991.47,INR,DAZ,Completed,72,"PartD, PartA",0,0,SD2MUrZH8dAUwtowm1NQmbRkDC979U,2025-08-31 11:35:29,3.7
e96b5201-8a46-4802-93d7-3fbd86c25a5e,c7d1811e-2456-40e8-8514-61832372b7ae,2025-08-21,Installation,2835.06,USD,RGF,InProgress,176,"PartC, PartA",0,0,nbkL9FZpfAwO8NMNohUyBaXqfbKYlx,2025-08-31 11:35:29,1.9
525cfb87-6579-4a0d-9234-03b821db56f8,9d230ca8-8f71-4a6c-bb1f-ca2b70290494,2024-09-09,Inspection,1601.33,INR,MCN,InProgress,295,,0,1,tYL6sPOj1IPxXgFH0ZbVKBqVb2fXeF,2025-08-31 11:35:29,4.3
b6cfc05f-eca3-4883-ba19-c70b2890d61f,0b88daaf-2132-4c5e-8e68-e89927b78cfd,2025-01-07,Maintenance,4520.36,USD,XOO,Cancelled,431,"PartC, PartC",0,1,8nDYE69QFfwAO1B0WXzvE0rtsmYZW2,2025-08-31 11:35:29,2.5
7376e392-49a8-46db-bb14-e3015c6cc95f,3c8ace8a-80d4-4094-bca5-816566923499,2024-10-29,Inspection,4289.67,EUR,RTP,Completed,284,PartA,1,1,cHxooxoxRIPtzJUb3pkqdtb3QYXBWh,2025-08-31 11:35:29,3.2
0bed9434-4399-4222-b157-9ded57f638a6,7d9adf2a-8b87-4ca8-b932-1db891ff1782,2025-03-30,Maintenance,2053.52,EUR,CIS,Completed,63,"PartA, PartA",1,1,oNPgOldBvrsP67LwYfd1FL04CIO2m ,2025-08-31 11:35:29,2.0
b0df1cc3-cfd8-4c47-8c58-8ed42cd64aae,3e50fd7d-1145-4ede-a1ba-c203533dbd79,2025-03-15,Inspection,4044.41,USD,LNS,Pending,297,PartD,1,0,18ynBHcxh61IC6jy7hkocTK8kqnHDD,2025-08-31 11:35:29,3.6
185f50cd-373b-4e1c-ac4b-840a8618c75d,48f17df8-a963-49cc-86c1-ac7f7521d197,2025-08-10,Inspection,3140.04,USD,DMS,InProgress,150,"PartA, PartD, PartB",0,0,WMZnvK50JMlLh7BxlqMl9jHseJd1oY,2025-08-31 11:35:29,3.8
51cbba80-6528-4ecd-94b3-e11a457473ea,baf083b4-b42e-4cdc-b35e-a37e635acfb5,2025-01-15,Inspection,3775.88,INR,SOJ,Cancelled,235,PartC,1,0,L5LA8Lkuutp1myjOloZ0VZV3sFgw0D,2025-08-31 11:35:29,3.8
2967cdbc-59e5-457d-bf8d-9aeb3134c735,3dcd38d0-1f13-4f38-946b-72ac0bf3c691,2025-05-13,Repair,2253.22,USD,TCW,InProgress,260,PartA,1,0,RjY5YIUIdWgso8vsjnsFAAB1QDfNff,2025-08-31 11:35:29,3.9
ef751d0c-18e1-47b6-8800-cfc9e31ef0be,ae23ac87-f8ca-4099-85d4-33ac6e5080d3,2025-02-02,Inspection,3764.9,EUR,SGZ,Cancelled,238,PartC,0,1,KaxVSe4avEYxt55kFTrsUcpiI2X8w8,2025-08-31 11:35:29,2.1
644293e5-cdec-4f0f-99a7-505156ed3618,78b048d6-0cb7-428f-b2a1-4d73be3d8847,2025-07-24,Installation,2570.78,INR,GPZ,Cancelled,46,"PartA, PartC, PartC",1,1,EdV84367PRHObtISgTb8m1DRcFRuqf,2025-08-31 11:35:29,4.6
ae287492-f9ab-42d5-a6fb-683596255d2b,81c2232b-9a36-4800-aa1f-dfa6c791d637,2025-07-02,Maintenance,4343.52,EUR,DVB,Cancelled,457,,0,1,dgEx 8pNx TCT1yg2Kjj3Wq3fckZHZ,2025-08-31 11:35:29,2.4
9fae9555-e8ec-452b-9c17-a87ec62dfc2d,71210524-fd0d-4a03-9476-a1ee6f984ad5,2025-08-27,Maintenance,1010.41,INR,WSA,Pending,220,"PartA, PartD",0,1, aBfdwsrxVoWeENH8czL8cCDRegdvV,2025-08-31 11:35:29,1.8
1dbcf2d7-2b32-4bed-ba9d-0bce33e88439,6335c816-be26-43d8-9b58-390ab5735484,2024-12-11,Installation,805.59,EUR,BBZ,InProgress,108,"PartB, PartC, PartC",1,1,RSrmzEcjv 41T9hnXa9aRHlqIhNCY7,2025-08-31 11:35:29,1.9
2987fbea-e51a-4086-84eb-958072b6cb13,c6030516-f059-4206-9333-d9772ab07bad,2024-10-24,Repair,1736.34,EUR,NOV,Pending,229,,1,1,Z6dNyXw9vfnTjaHzqhaLH9C1d3XAT5,2025-08-31 11:35:29,3.0
a4ba58e1-3912-4be4-b06d-7328cbbc31a0,dddc9f68-9400-49db-9c32-de171cafa3c1,2024-09-19,Repair,4782.85,EUR,LMY,InProgress,109,"PartA, PartB",0,0,ZYL1pPhMB4e7Uq2akb3ighY8Re rol,2025-08-31 11:35:29,1.6
86b772dc-4068-4f80-8fab-1d91baca1ef1,8fc4e9c1-bb77-48d7-b17e-7e4d68f63877,2025-03-20,Maintenance,625.13,EUR,IXL,Cancelled,226,,0,1,FvepH tu8aASEMRS5bwj5cgqSSgZZK,2025-08-31 11:35:29,1.7
553516c6-8b79-45ce-807e-0157827223c0,5988f873-3741-4be8-90ca-5a8e31f4944e,2025-03-10,Installation,2248.81,USD,ZZM,InProgress,62,PartA,0,1,tL7SnreOa6Pdnu2P6P Eeyvb YCivX,2025-08-31 11:35:29,4.5
36eef612-b0a8-4f1f-a616-594b0e67c81a,56cf5370-5ff9-46f4-99d2-4c42f2f63cc6,2025-08-26,Inspection,3850.9,USD,BDG,Completed,122,"PartD, PartD",0,1,bSarKFHqIg4ic6WOroHJPs21 YZCps,2025-08-31 11:35:29,1.5
1518d3c3-65ae-4183-b7df-b8b8994bf8a0,a2e1c073-7d9b-4ed1-89e1-3ab8fd08c598,2025-06-05,Maintenance,1885.56,EUR,USV,InProgress,411,"PartD, PartB, PartC",0,0,i BIha4NUBikthtXBafRn22w86mizL,2025-08-31 11:35:29,2.7
6b286fba-0a10-4dc8-a6ea-270fa4c70960,6ea21257-4734-4906-b798-9c5e4b850a0f,2025-07-08,Repair,2747.12,EUR,OKI,Completed,363,,0,0,wHSMVGq5hesOrcQEE8gPAjURFVZP6b,2025-08-31 11:35:29,3.0
9daf1fa7-81bc-490b-9227-08991b8245ae,005a7c1a-c3a4-4546-b195-c44a626c1202,2025-01-18,Installation,4231.35,EUR,RIZ,Cancelled,203,,0,0,nNyw2WxuSpcKyHUrZ7bNzQgSVtP6Cq,2025-08-31 11:35:29,1.6
c876e75d-2835-4002-8844-f23d43ce722c,86441565-8c44-4d4a-953a-c6ca48aed1da,2025-03-11,Inspection,638.53,INR,XSS,InProgress,288,,0,1,fnfbAZeYyrQpPqjufV8Oo1x7rnWeCa,2025-08-31 11:35:29,3.8
4d09e95b-e9d8-4d6f-b746-d2982c81755b,ca66c883-71da-4d49-9585-47c46aa3b880,2025-06-10,Inspection,3246.73,USD,TXP,Completed,46,PartB,0,0,AC JyfCpNtg1WPQ9a17aoP7ppMxmcL,2025-08-31 11:35:29,2.3
ea7ce683-4966-42b7-b73f-2fac73daf4c6,dba239b5-4062-4982-8205-4a3fe7d144f1,2025-07-18,Repair,4247.3,INR,RGC,Completed,122,"PartB, PartD",1,0,tf84TZGM owZDAd1Uz48GzKYdsZFBv,2025-08-31 11:35:29,2.5
93b47719-1b37-4c0c-8b58-e428a4e947b1,1aee2fc0-670f-40c3-9fa5-50f6020a465d,2025-01-09,Inspection,4776.36,USD,RLL,Pending,304,"PartD, PartB, PartB",1,0,o4vX7cZmTMqQTYfKvMdD6jbVQBmwmY,2025-08-31 11:35:29,4.7
9caca0ca-81f1-4250-858b-def4e9e29d88,a00f1ad4-ecdc-44c5-905f-2bf5b0bbfc0f,2025-06-13,Maintenance,3539.38,INR,XQG,Completed,385,"PartD, PartC, PartA",0,0,P0oA0y Ls2NliFpVjo5wpDlS05uTXM,2025-08-31 11:35:29,3.3
1587da4f-9886-4bb3-a227-37de36baa580,8a66befa-625c-4c02-8326-fcff27e4bfe0,2025-03-27,Repair,1319.17,EUR,DXN,Completed,444,,0,0,s1mIHnyWtk9mwuVSPwIAZ2tqiNOSny,2025-08-31 11:35:29,1.7
7b94170b-0690-4bd0-ad13-be4867fb3341,6d9b2d33-00a3-44ca-9518-0c2d5b792657,2025-05-28,Inspection,1955.38,EUR,UWQ,InProgress,40,,0,0,kz5I5YOUBxSw72TnjfYkkxWvZJ7h Q,2025-08-31 11:35:29,2.7
875d2ddd-1c8a-423f-843b-47d93a98594b,6aeb5150-e213-4286-bfe5-3cacb0cd0861,2024-09-13,Repair,4500.93,USD,CEW,Completed,311,"PartB, PartA",0,1,xxuluJZkiWst6GXRYKMjIt6maEQ0BK,2025-08-31 11:35:29,3.4
50878c7b-1b9c-4e67-b84d-84e6dd86fba7,c271e241-9647-40d8-814d-6c2b8d9facc4,2025-04-23,Inspection,4587.35,EUR,SYN,InProgress,161,"PartC, PartB, PartA",0,0,ExEn6yF0Ukx2eqldLGUxbDwO8ePkoT,2025-08-31 11:35:29,1.1
1198d540-a4a3-49c6-b3dd-196d325be7e5,dad4ef94-b81a-4429-a1b1-a92a31cfb1c3,2025-03-24,Repair,4041.76,INR,CBL,Cancelled,261,,0,1,6U9XFyboIJGl0EYeviJ5pVmm LfSqt,2025-08-31 11:35:29,1.9
1ad404f4-e32e-45d8-b019-84bf062db52d,56bc4eec-c7e9-4993-b45d-88196baf9a96,2025-01-25,Inspection,2320.78,INR,EPT,InProgress,97,PartA,0,1,wQh3Oe2GrmTbRBZERjQIOlVwbicVS ,2025-08-31 11:35:29,3.5
80b6ea00-35e1-4fad-b2bf-7d54653bbec8,be1e23d6-46c7-44d0-8b9a-0d9e128c5829,2024-12-19,Repair,4783.14,INR,HNS,Cancelled,94,"PartA, PartD",1,0,1irtEZjbijD5vwP896nvc3NRDnBl3A,2025-08-31 11:35:29,2.2
3a96603b-417e-47a5-a7b6-b651c5f50549,12187ec6-40eb-40b8-ab64-7625d9583ed9,2025-02-08,Installation,4509.04,INR,PHC,Completed,385,PartD,1,1,aobIu3GfsRUc qUZUKgr11d090sCLz,2025-08-31 11:35:29,3.2
f54e7799-4703-413e-a5a3-fb661f2d9d5e,2ce0bcf9-2b6a-44c6-bbfa-b08b4a2ed12f,2025-03-02,Maintenance,3693.46,INR,LEU,Completed,100,"PartD, PartB",0,0,15rOwbiyn10UdexYapsIl1FHQBWiNv,2025-08-31 11:35:29,1.1
d1b06480-cdda-4e8c-9779-3081f7840df8,c0545fcf-bacf-4f0e-9ac4-25962966349a,2024-09-24,Repair,4399.64,INR,WQB,Cancelled,185,PartC,1,0,fAJ5pC4H1RULiWhUBgD UzQh3ffFsm,2025-08-31 11:35:29,1.9
e0919346-7de2-4855-814e-bd770de45c64,56f5fed9-b935-4d3a-ad77-c45cac46139f,2025-05-19,Maintenance,1711.0,INR,XMJ,Pending,162,"PartD, PartA",0,1,mDQD3DG46RhvZhYZPE2ZWjEXr7zgai,2025-08-31 11:35:29,1.9
1d2d9813-3dbc-4927-949a-54060844d118,9e7fa440-e3ea-4434-a799-d10642b3f508,2025-08-05,Installation,1245.65,INR,SAJ,Cancelled,321,PartA,1,0,3JfPOFmowPZLQe46tP471FHScVl7Vj,2025-08-31 11:35:29,4.1
b64b365e-ce94-4b0c-b5ec-389f9063137c,a5a9f2d3-684a-40b8-9262-afb826796cb3,2025-05-25,Repair,1379.05,INR,ZYU,Pending,407,PartC,1,0,xhAncF9tyPIH5sWVE IoPXaJkQt7Bi,2025-08-31 11:35:29,1.9
5464bd03-7bbc-4fca-8a28-0d47033a7ce7,6f7ae56a-6159-4b49-a591-87274748c193,2024-11-22,Maintenance,3121.67,INR,MCR,Cancelled,199,,0,1,kewtq7k7DFbmQHKJMupK PmJjMAevZ,2025-08-31 11:35:29,4.2
17b3f054-3a53-454a-a5cd-88f9f4b499bb,e1afe769-f15e-436d-ba80-b51312738aee,2025-08-29,Inspection,1330.12,EUR,YRI,Cancelled,370,PartD,1,0,vCZVSznsZeJMSak3AUrJQsi333hJ98,2025-08-31 11:35:29,2.0
bc3fcda1-57d5-4cf2-8901-ffccb28b6844,11f4a857-9e9e-4825-a21c-225a6c4a95c7,2025-07-02,Repair,4238.72,USD,CTO,Completed,73,"PartD, PartA",0,0,gTrPlSK4kkF5RveJA1XhWgqgbqJMRD,2025-08-31 11:35:29,4.1
ef04a3a1-ab16-4a38-9cd9-1dd24bfa1d80,67b8cea4-1e75-4f46-9184-b868b751758f,2025-04-07,Maintenance,2153.32,INR,RXR,Completed,262,"PartB, PartB",1,0,hLHbDZZLgLajDU9cCT9eu5FKRdI4Km,2025-08-31 11:35:29,1.4
6d46f176-cbb0-46a8-91c3-50bc8453001a,cdab30d5-3314-47db-b584-43e4915f1529,2025-07-01,Maintenance,3192.51,USD,PWO,Completed,34,,1,1,YEIYuLBT5bLt4mHmxsHkIK9w9LHolh,2025-08-31 11:35:29,4.9
4616bb4d-72f9-4bd5-bb10-ed105c429b88,165aee7e-ca4d-4854-9994-c95e74578926,2025-06-09,Inspection,544.59,USD,XFU,Cancelled,323,"PartD, PartC, PartB",1,0,nbE9ayqvLhhrlvsb3eVKe7QYvqJPFg,2025-08-31 11:35:29,2.9
73e61e7b-c206-4a36-9165-34f1be411989,132588a8-ec7f-4a0a-b60f-6fd739a0015d,2025-01-04,Installation,2712.83,EUR,GKK,InProgress,321,"PartB, PartD",0,0,uP0BvGZUXFlrVFgawc64GvIJnT sR1,2025-08-31 11:35:29,1.1
7ca6e47e-3883-48b3-a939-fcae76d2181b,893805e3-bdc2-4788-b900-5944cf1a3f56,2024-12-13,Repair,4652.74,USD,YKQ,InProgress,463,"PartA, PartC, PartA",1,1,W94G0KBUTTOwhP6GynheLEP4fyqrOh,2025-08-31 11:35:29,2.4
30442d70-ccba-4a4f-9ace-d04f5d87b3ba,4d418f32-b948-43fd-9cdd-fb3fc4e0b4f1,2025-03-15,Inspection,856.3,INR,NOB,InProgress,70,"PartA, PartC",1,1, 4bv3oQEogfYubGrkZwiaIgLLJcXC3,2025-08-31 11:35:29,2.2
40ed9548-7f0e-4c00-956b-f3a58de1813d,602b212a-5433-4de2-8477-d967994ed861,2025-06-02,Inspection,3944.51,EUR,CQI,Completed,351,PartA,0,0,vNz0kxV8STGd2io0Bjgv87RC3mW jA,2025-08-31 11:35:29,2.6
ce9d3f09-9a09-439d-b27a-225e2852f380,dbd21a82-743c-4261-9a81-ab12a73461b0,2025-03-07,Inspection,4607.0,EUR,IOL,Cancelled,336,,0,1,Ha7Q76CG 6cktoci8PYiHkGZLRxo07,2025-08-31 11:35:29,2.4
37effe69-4350-4026-a48b-a5ccc4930949,b88c7ea4-d646-4da0-ba96-b146ba09a7c5,2024-10-14,Inspection,3049.53,EUR,LVR,InProgress,126,,1,1,OsPW3qie UCOffLddlAgShb5SCo4Ib,2025-08-31 11:35:29,3.9
dd0c7295-9150-4f53-a7f3-ca3d9d1c5604,6a29a485-2e86-4a4e-9f87-31a1aaffd073,2025-08-30,Repair,629.01,USD,WXE,Completed,440,PartD,1,1,w2iwstZqExfjVsFVCAwLKYpMnKhOiq,2025-08-31 11:35:29,2.2
690a697a-b3db-4b4f-a123-3553ca2fb045,b28fc331-348c-48e8-9cf4-f8ad42a6b3f2,2024-12-23,Inspection,3814.33,EUR,EPY,Completed,337,"PartB, PartD",1,0,Rl1kiUzFuXHUA45rODrxvIn4yRsutL,2025-08-31 11:35:29,1.1
a1d54983-c565-44c4-8fdb-b6ea59cf38b0,a23796be-36b4-4ace-8f3d-5550317c7d15,2025-03-21,Installation,4604.87,INR,XXZ,Cancelled,229,,0,1,PbQbQmjlA3bLojJQXBuHbmzl ts1ZW,2025-08-31 11:35:29,3.0
f191afe7-8918-4cc7-bfff-d81ada140bd4,34c70bc3-9de5-4cd1-a325-a89021cf117e,2024-11-23,Installation,3025.69,INR,CGJ,InProgress,399,"PartD, PartD",1,1,hA8zC47j2DcrlQ4VDys4iNMxMUGbYG,2025-08-31 11:35:29,2.9
b3a8a486-8238-4cbe-8f0e-901e7930da99,41c7eedd-147c-43ea-b268-7a984e2e859e,2024-11-29,Inspection,3057.99,EUR,VRL,InProgress,51,"PartD, PartB",1,1,qi7c5azDCnBGBesyubZAhQi7XvcSnQ,2025-08-31 11:35:29,2.8
eddbe3c9-6724-4bc9-a169-1d2a90f17351,5d454d10-9b1f-465a-99a3-00083e7aff8b,2025-01-23,Installation,3004.84,USD,NDY,Completed,419,PartD,1,0,Q0MpEiEtjpNS5R1dLUdMH7Ubu6Jq9M,2025-08-31 11:35:29,2.4
8da15894-c81c-4808-9d07-8086fbc513d0,49cd75dc-71bd-454d-bd63-055b85ace778,2025-03-25,Installation,3557.94,EUR,SKE,Cancelled,191,"PartC, PartD",1,0,YGPQyhMJQvnhemGIuIAM0lCumK4NDR,2025-08-31 11:35:29,3.7
065d2325-8e15-4fcc-898e-6a5f68ba5ba3,7606247f-c79e-4192-92dc-8ffc5e1600b9,2024-10-11,Maintenance,2500.2,INR,YUC,Pending,450,"PartA, PartB",0,1,Vl6o4Iw3K06961RjCVTAI90Ex3EDkZ,2025-08-31 11:35:29,4.2
53f00b14-3f9d-4c08-a2f0-b4cc229e3e6f,314091ce-fa29-456d-9fe9-f8c058efd679,2024-12-03,Repair,4146.19,USD,AUF,Pending,241,PartB,0,1,uyiOQvfONhmgPmSmZhyZV9MggwE8so,2025-08-31 11:35:29,3.2
685362c7-a85e-4cfc-9bca-c9d7a5e133cb,5395c12b-2928-4ca8-b121-01208123da81,2024-09-19,Maintenance,4637.85,EUR,SNE,Completed,103,"PartA, PartA, PartD",1,1,AY4uTvrZ JJDSMjgZatSQOLp2owX7M,2025-08-31 11:35:29,4.0
9ecbe15a-dce1-47c0-ba7f-8dc9a9a43717,d8469f76-ae2b-494f-a3e9-181c77ea9b2e,2025-01-09,Inspection,3344.05,USD,SKD,Pending,193,"PartA, PartA, PartA",1,0,k0we5H4ARIsqwe0AW1y3fphRp5Cu4e,2025-08-31 11:35:29,3.0
c46401a3-c773-4912-8343-6fe71fb5cbec,58b09cd2-498f-4365-a439-cc3f16c07519,2024-10-19,Maintenance,2060.5,USD,FCP,InProgress,252,"PartA, PartB",1,0,SP8cmUvgsCAZqLwKelTpp6SuMjrVOl,2025-08-31 11:35:29,1.9
b9e99e24-9782-4212-9fdd-06a694ffd604,f0e59a38-e91c-4db3-89d7-1616a928580d,2025-04-13,Installation,1570.34,EUR,HYS,Cancelled,344,"PartB, PartC, PartC",1,0,ij8O1MxkYDjp3lAxBwsQEigRzwxcBa,2025-08-31 11:35:29,1.9
8f654589-249b-4aac-966f-b01c3b161b68,587e0071-ce93-4789-bf8a-79ed8326a574,2025-03-24,Inspection,2291.19,INR,FUJ,Pending,105,"PartD, PartD",1,0,Clk5aQ513OCvsJAVaRlHrbtDZOFAdZ,2025-08-31 11:35:29,3.7
864bc68c-898a-4d0e-86d3-d9c38733072a,21d55066-0c93-471f-8f18-33a75479c032,2025-07-30,Inspection,4113.13,EUR,KDE,Completed,451,,0,0,pLGzPo1prulg9reFcFRpPb0KmjFuyq,2025-08-31 11:35:29,4.9
8db62ff2-18a2-4ba9-b43c-995fce8c3c49,834cafca-026e-4d1b-9c9f-e1dd77bfdacf,2024-09-12,Inspection,4464.48,EUR,EPB,InProgress,479,"PartA, PartD",1,1,kJua3J0vg8NKNT32JoZjhIuTLl2Y63,2025-08-31 11:35:29,4.0
05af36ec-5b28-4a4e-8b70-d4e9c3b541b7,b8dfcc2c-8530-475f-8f7f-ef753c4903be,2025-07-04,Maintenance,1838.89,USD,AGP,Completed,225,,0,0,YlKma H5mQ2EPRkUu6dQD4EFYFtvQJ,2025-08-31 11:35:29,2.6
7142bb1a-fde0-4975-8ca6-0ada5e1b7c47,b4d3a1a1-8ad4-473c-95fa-3e8fa17ef88e,2025-01-17,Maintenance,1698.32,INR,LYQ,Cancelled,459,"PartA, PartC, PartB",0,0,bw3pMDXP67zHQjVi4yOTmYB0rSLxM ,2025-08-31 11:35:29,3.3
bb5b2d26-c257-4d8e-8b48-7b0c5af5b0a7,89164ed5-7cff-4b52-bf8f-5fd642eccf40,2025-08-08,Installation,4897.43,EUR,TLV,InProgress,448,"PartD, PartD, PartC",1,0,sP6hcSypmLwj6bedAfRnVl4PVSgeNr,2025-08-31 11:35:29,2.0
2b5a6893-aa9d-4cda-96a8-a26968f1da63,1404a7a4-c2dc-48b7-a014-42007d0393c0,2025-04-04,Repair,1956.65,INR,ZFA,Pending,234,"PartA, PartD",1,1,W3cv07ZJfDGsbKVCqAI y 0wo6H7Us,2025-08-31 11:35:29,3.1
8dc39a22-f8e8-4ad8-87dd-489438457f30,a2c2f7f1-b9bf-43dc-9765-e0f8122edf19,2024-11-22,Installation,2924.25,EUR,DPJ,Cancelled,303,,0,0,YvMVqSVnSTYv3Hm4mNa5rIFPtjv2bm,2025-08-31 11:35:29,3.9
db991cfa-109b-46f8-b8fe-ecadfad73536,7d2f5c37-773f-40ce-a4f5-294abdfca8a7,2024-09-02,Installation,3214.41,INR,ZFV,Cancelled,244,"PartC, PartB, PartB",0,0,ofLPbX4vS4SfyqKOqJg0Z4slkNqWl1,2025-08-31 11:35:29,4.5
f70824b7-9fed-4447-baa8-ae9d1e60c395,175778c2-425e-4c97-a880-07ee6599fd51,2025-02-18,Inspection,954.59,INR,GIH,Cancelled,231,"PartA, PartD",1,1,KDIE2Hw6KP8R2cXGI4Ej9HtPLy479y,2025-08-31 11:35:29,1.3
36c56743-907a-41a2-b023-7098fe06e18f,e63a4eff-c466-40df-b6f7-182f44036584,2025-01-06,Inspection,2622.26,EUR,TCC,Completed,458,"PartB, PartB, PartC",1,0,lNqJslFRRbq7vbeTiGps44EY4qkNAN,2025-08-31 11:35:29,1.2
10f6613c-0b07-438c-bab0-5ba5952607d5,e01b9cc8-7fe1-4f6b-9960-cd697d060d6d,2024-12-14,Inspection,756.53,INR,UEM,Cancelled,157,PartA,0,1,LUcAM7JevRa74KdtKzcOQyd2YwAtDg,2025-08-31 11:35:29,2.3
de8998ea-8b7d-44fb-a518-1d1de6633efe,0fea2895-b9fe-42c4-af53-3d5a1ed3fbd7,2025-06-06,Repair,1180.17,INR,ZWP,Pending,33,PartA,0,1,ONZKBn4Cr5TtEOG8vWGcpLahUMAyvk,2025-08-31 11:35:29,2.4
a855d6f2-d391-494a-8c22-957f8148e5bb,73c1145a-6231-415e-bf1a-2cfccd2dc6c5,2025-08-19,Repair,1588.53,EUR,FGG,InProgress,43,,1,0, tfKmdAel3e7vmstwmqhM8C6G6VJaU,2025-08-31 11:35:29,4.1
9b8d8262-ef37-4e69-8292-777043265f6a,bffafee0-05c2-48b9-8b16-21fc0a10db31,2024-12-02,Repair,1537.7,USD,DFT,Cancelled,306,,1,0,WRlRAHfF7tVigH7iJQms30hRdQx7gh,2025-08-31 11:35:29,1.9
6b62507b-79f1-4aec-8f76-d61f79b58dc3,3686357d-1a9d-41bf-898e-92c25f2c4ed6,2024-09-05,Repair,1082.62,EUR,UNS,Pending,471,"PartC, PartA",1,1,kEIGoRZVBepWJmFY7Mu309VeFnWx9p,2025-08-31 11:35:29,4.0
7b555a19-7912-43e2-9d7c-1a4687d6e566,7989df68-f474-4ab7-ae7c-c63d294c77e5,2025-08-28,Repair,4715.33,EUR,YWB,Cancelled,425,"PartC, PartC",1,1,i BWimdMFupHG9rMCMb0V5Xk 6mH9x,2025-08-31 11:35:29,4.5
a48748d7-1e57-4780-ae18-03b98e40ad4f,f0b9513d-fe30-4dc6-b212-bc5924bf5ae5,2025-04-18,Inspection,4819.97,EUR,HFM,InProgress,184,"PartD, PartD, PartD",0,0,amz1V0A94bh2NcVnE90xrPT2NLOZkJ,2025-08-31 11:35:29,3.4
8282a03e-1423-418e-89b0-0f89c1ccea75,35dc3ab6-402f-4bdb-bd81-f482b42f2853,2025-03-31,Inspection,1901.22,USD,QXC,Cancelled,409,PartA,1,1,U48TFLl9ug8XhFNbTTHrg6xHRVVr7S,2025-08-31 11:35:29,1.6
1813df5a-55de-4e9d-885b-1fc7a1ceee21,4718f179-2373-40de-8bef-f4bf23abd77e,2025-03-10,Repair,609.24,INR,JXW,Cancelled,283,PartA,1,1,dUif PzrIdHItrOqfSYFwM2piONZH ,2025-08-31 11:35:29,1.0
9fe5fb4c-f9f0-4b73-aa36-52211c8d2cf8,3c13b147-4d87-4b97-af6c-a5cba6c7f11a,2025-07-07,Repair,1140.01,USD,ENG,Pending,228,,0,1,qNoVwRPTomo8A aCWDYUh 77LWvbgd,2025-08-31 11:35:29,3.3
88848e85-fe18-49b9-9621-c87a7d496c60,cb3a8b96-b83d-45ac-b6a8-6c1f1a5941c3,2025-02-08,Installation,4474.34,EUR,LQT,Cancelled,466,,1,0,F0gkgF8CN53ggCh sikinHyzSFbvpY,2025-08-31 11:35:29,4.3
3ca31476-50bb-4852-91da-b05ef8bd0359,f0a11ee8-cdf0-4ef0-a25a-033e6d14f8e5,2024-09-07,Inspection,1638.29,EUR,RDN,Pending,291,,0,0,LA MlNgxvf3BzdB0GCRh0Co4QuiCEb,2025-08-31 11:35:29,1.8
d98d9f91-173d-4813-9b02-8bbd92fb0f41,1c9a907c-0c7d-44da-981d-73116edd1883,2025-04-19,Inspection,3086.33,INR,CKK,Cancelled,418,,1,0,fIU9JzGqkzk55QzJLDqsmsPRLhTKm6,2025-08-31 11:35:29,2.3
76031198-0016-4dd9-ac2f-ad0bbe3680d8,eba69b8b-7e63-48f1-ade4-e62084aef1a7,2025-01-18,Repair,4120.49,USD,VJK,Pending,327,"PartC, PartA, PartD",0,0,BapvmzcO6AOJCYltKZvi9O58wNaGnm,2025-08-31 11:35:29,3.3
d479da23-7086-4ee0-9557-27e8fd05aa5b,206f28be-dcd2-4393-9370-970c59138ba9,2025-01-31,Installation,1714.94,INR,JOJ,Pending,274,PartA,0,1,h0ZKAbGOB6UB8Yv73tJKvBMaRkvBzN,2025-08-31 11:35:29,4.4
8a07f514-6bff-46c7-8ad6-3963a6cd72d8,fa25367d-c97d-4e69-bf24-1cdaa6148ce2,2025-07-14,Maintenance,1469.41,USD,LVU,Pending,107,"PartD, PartB",0,0,k7B0VF1Uqiu0c5yTI4Be7gdcyveix2,2025-08-31 11:35:29,1.6
e8524c03-e420-417a-bfd1-8bf5e0abbfad,b6ccc5ea-c900-43e3-b46d-e706de307cdf,2025-04-03,Repair,1513.37,USD,DKE,Completed,79,PartB,0,1,fDrr7hidqEIuB6Pp739aOedyvIElKE,2025-08-31 11:35:29,3.8
827e9c69-401d-4219-987b-cfc3992330fe,dc54cb59-23ce-456c-bc19-449b38c3aa9f,2024-12-08,Maintenance,3055.91,USD,SHO,InProgress,252,PartA,1,0,cwV9F5v7RGnz8xdhp3npw39 XBzWjy,2025-08-31 11:35:29,4.4
3fe744f2-2bba-4c48-8626-9838a423c75e,47c9471f-1bf3-4c84-a433-104c4d4ce82f,2025-03-07,Maintenance,3978.19,INR,AID,Pending,196,,1,0,jcRzbFerhuCUajpgXZ4G9jp6xilS1B,2025-08-31 11:35:29,3.4
830bf2d4-b060-45ac-a59f-d8ddbf9bc8a4,12b33311-0ed1-44b9-ba28-b96afb91b895,2025-05-31,Inspection,3321.98,INR,NIF,Cancelled,175,,1,0,84lp7bKyrIwkHkyTsykV1xlcdr9Y1V,2025-08-31 11:35:29,3.5
485d5381-7a00-477f-b12a-9f23c4cd1dbc,b9ac1b48-9b35-405d-9471-d84013437b72,2024-11-17,Maintenance,2255.73,USD,GUZ,InProgress,71,PartA,1,0,Hvg Ua3 2UY67gDDcX2FogEoTJd16e,2025-08-31 11:35:29,1.4
439615fe-d1d8-4b02-8ee7-05290e04d006,ddc56e8a-99f9-4eb8-9fa2-f51c3dffa04d,2025-04-29,Repair,1789.08,INR,IKS,InProgress,95,,0,0,R7mJHm4MFzTUG3DRFIpNC0pCEC5QBC,2025-08-31 11:35:29,1.3
ba799286-03d5-4950-841d-9a39870d085a,2bd44aeb-eb6a-4efd-bf3f-8ccd7ce13793,2025-08-16,Repair,637.79,INR,RXK,Pending,287,PartB,1,0,71AoRFvsQMaYKh2J0gDUwB7UeEBSVF,2025-08-31 11:35:29,1.9
397177ea-ff51-479d-8671-c10cc508e5fd,0aea77fb-b141-416c-9b4b-442f94b4df28,2024-09-10,Repair,2382.05,INR,YYA,InProgress,110,"PartD, PartD",0,1,QCtEywqOMF3bmlWTZjYyeriprmUweo,2025-08-31 11:35:29,3.2
f8aeaa16-be4c-481c-88cc-aac06c85320f,9ae11194-4c5d-4881-b6ab-061501d0e7a7,2025-06-26,Inspection,1819.29,EUR,QIU,InProgress,454,"PartA, PartA, PartD",0,0,2jqAx3GcU3FjEI6 id4JirUqCxhI6z,2025-08-31 11:35:29,4.6
3feb43bd-89c7-4212-bd1c-e62ddd07f48a,f9c4c17b-b7b9-42c3-9d8c-5ee195a7adc0,2024-10-06,Maintenance,1621.72,EUR,FPX,Pending,133,"PartC, PartC",1,1,QkW1Xp6rGYcM2aoE6vYrGGvvjnZCBR,2025-08-31 11:35:29,2.8
f53c9a78-ca83-4593-a78f-944ada921729,0ee5fd69-6117-4680-9c1c-a859fb64210d,2024-11-11,Inspection,2838.49,INR,NNU,Pending,397,"PartD, PartA, PartB",0,0,mJXqXbeiOc18nAXf8tn4wzbEyRU32E,2025-08-31 11:35:29,3.1
62d00512-ac4f-47b2-9d01-8e2dcaee7349,507c1240-fae1-4b6e-a4dc-ee90d4cc26e0,2025-07-14,Inspection,3886.01,INR,OHJ,Completed,369,,1,0,hWea7yd9dNwSwAHmkrR9XnCKiU1y5x,2025-08-31 11:35:29,3.4
9341354d-94f3-41e9-a025-a0dda2ec3b99,8eb7b807-3219-472d-9472-488aacdcbc3a,2024-10-11,Maintenance,2463.71,USD,XJN,Cancelled,212,PartB,0,0,7sJy7iEePaO9bgYTI1HNTPrQXEkZ9R,2025-08-31 11:35:29,1.1
0fcd183c-4cc8-44c4-843d-b46c00216aa9,b065b874-f7bf-4df2-abe7-fd7f82433685,2025-05-08,Inspection,4496.22,USD,VZU,Completed,347,PartB,1,0,m6OM6nCP3XcARZn6T1o79R2xMia07c,2025-08-31 11:35:29,4.8
79ecb69c-4a51-4a1a-9a92-3489a3be561b,f98f400d-9458-4b63-accf-d40998c7f3cc,2024-09-16,Repair,2992.0,INR,EPW,Completed,453,PartC,1,0,2vW PVUfQe0cup2zcdUX9yIrLHCaAA,2025-08-31 11:35:29,1.1
40c81ec9-98f1-4319-97b4-f15c08319f37,c9b542db-d839-48d9-8ef6-6e9202205c54,2024-09-04,Maintenance,2968.81,INR,KNR,InProgress,149,"PartD, PartA",1,0,cS6ZgPF7ShzIhm8OMs83a7RZqxw6h3,2025-08-31 11:35:29,2.7
3f89f107-e00a-4b84-bc77-8c970c9fddba,8121d1f6-be16-485a-a892-46d55033edcd,2024-12-15,Repair,2754.7,EUR,OUE,Cancelled,475,,1,0,TFWW581UWQYTtnAx420B3mILd53gwU,2025-08-31 11:35:29,4.8
110d6353-3847-4a91-b518-3ba485cdccf3,c34b9271-fd26-4917-8cec-64e879d61d41,2024-10-28,Inspection,1262.38,INR,NVH,Pending,358,"PartA, PartA, PartC",1,0,kAe2YQtSFk6QeSrN tsdGDb4clDYz3,2025-08-31 11:35:29,3.2
80447003-955e-49b6-88c6-8af938c7a70b,a8270ecb-393f-41d8-a638-d78674495acd,2025-01-06,Repair,2298.41,USD,KPN,Cancelled,464,PartB,1,1,z5K22HD2rAb3LVrcF4eQnbwcFkMim6,2025-08-31 11:35:29,3.3
69bdfabb-a81c-4dde-8e6f-12cdb881d97d,c742b6a4-220d-431e-91e6-8ba6c16fd704,2025-03-07,Installation,3184.3,INR,GBW,Completed,143,"PartA, PartA",1,0,2Ox67PCtNbTrgJ7HeVkcKf0otfpWEa,2025-08-31 11:35:29,3.8
0367eb74-4090-4164-9d8b-19c24405f738,b9abdc3b-85a0-485f-bebe-25aaa9af7c18,2025-08-28,Repair,2908.87,USD,SXD,InProgress,281,"PartB, PartA, PartA",0,0,gaRanMaHFqLl AyXhgZcAVyKiYQBim,2025-08-31 11:35:29,1.3
342ac17d-b298-4c2b-ab06-1fcf7450ca68,ff1be63b-2e1f-4221-97b5-aa095f902a7f,2024-11-09,Maintenance,2252.95,USD,QPT,Completed,414,,0,0,4LJcbzPpK5DL2aEeNkgh4PkhiNknmr,2025-08-31 11:35:29,3.2
b6ccc686-9d5e-49f4-ad1e-cd7640ec259f,92fb6a77-fb9f-4d88-bbec-e9e2762a8676,2024-12-15,Installation,1282.64,USD,BBR,InProgress,287,"PartB, PartA, PartB",1,1,PSTrHe6Tcm7Eb7kGkjq6zmc5YCGcic,2025-08-31 11:35:29,3.2
056e632a-a443-4c14-a79f-8953dc24d767,1cee4072-082e-4693-bc4b-b2f855158127,2024-11-12,Repair,747.07,INR,FYI,InProgress,378,PartB,1,1,pTu8bvPcr5BmUKxMvaUxbmWOm0ZJx6,2025-08-31 11:35:29,3.4
cca92b65-4e1b-4503-a56a-b07ec1408b48,0cdf6e4e-474d-422f-9285-0d492c24dac5,2025-08-03,Installation,3865.48,USD,VNO,Pending,357,"PartA, PartC",0,1,7wVAhJ4AeswRtsrAD9fbhRvt8drB C,2025-08-31 11:35:29,2.1
efcf46f6-12c8-4b45-9c2d-217ecf454b1c,de9c680b-eed8-4335-96e6-42c9f5204674,2025-05-22,Repair,4098.87,INR,XTV,Completed,172,"PartA, PartD",0,0,O5VgNh269j unNITrwfcBFV2xPYQIV,2025-08-31 11:35:29,3.9
4469d8e0-2a74-4537-8017-8ba170394a2c,ef87cfe3-552c-4665-b1a6-edc494522fc4,2024-09-22,Installation,3499.55,INR,UWO,Pending,54,"PartB, PartA",0,1,4QYvq5S6XUWrLem9MYTS1x3Ivq4yCJ,2025-08-31 11:35:29,2.0
426ea803-8026-4981-82ff-6e321f304cb6,c2e92152-40de-4fb5-b176-96d1d8d1b49b,2025-01-17,Repair,4198.44,USD,MXV,InProgress,479,PartB,0,1,lniMBFPi1GSlmtcfw9L2mrvhJNZZCn,2025-08-31 11:35:29,2.4
af15b950-fa2a-4970-b144-a99954cbf91d,46797d13-c0d5-4eb9-9301-1a87f1d95ebd,2024-10-19,Maintenance,4838.86,INR,NLX,Cancelled,200,,0,1,ZVUpg5xLTCxzwDqr2g1sT9oLpIkyGy,2025-08-31 11:35:29,2.3
97460cd4-8912-4bcb-97ad-57967434e9a6,71943578-245f-4e5e-8c36-034a63121c8b,2025-05-06,Repair,4232.93,EUR,DMK,Cancelled,325,"PartD, PartB",1,1,9dkvvm9F7hTnd l2SWb37aMSn5eW1z,2025-08-31 11:35:29,4.6
d641232e-fafe-45e3-b2b4-e0e47d686145,6d27f41a-6e1a-474d-a4b7-51153fd3fad2,2025-02-13,Installation,3264.3,EUR,NUH,Completed,73,"PartD, PartD",1,1,hXcTTU6ndJWClrgGduBFnrAVHb7WE2,2025-08-31 11:35:29,3.9
ef510531-7dc1-4bc6-ad40-0b627d16de34,7264caa9-ab84-41e0-9131-ed60fbd1d592,2025-05-16,Maintenance,1953.25,INR,UPA,InProgress,115,"PartA, PartB, PartD",0,0,cMGLeBha2UCgGRtMNlyz6TnuXn3A1c,2025-08-31 11:35:29,4.8
e7b66c9f-6f25-4625-a3e5-65bf7da1967f,07e7c0c9-fad1-4ecc-9ee5-87fbe607e244,2025-07-19,Inspection,1693.64,USD,XNQ,Completed,258,PartB,0,1,4Z6krF9SYyFXfFgQZK8VCoyTaBvmNy,2025-08-31 11:35:29,3.6
71b25a52-cad7-4fac-9415-f2f84388dfd5,7b2dab9d-0426-4dc6-924d-4db9367d08e9,2025-01-23,Maintenance,2131.3,EUR,TLC,InProgress,73,PartA,0,1,GIUqG6lR13R9MhGXv3bHamXS9RQXYp,2025-08-31 11:35:29,4.2
509763d4-cbc3-4644-ab9b-41a986b1a87f,0bc70de1-e8d6-4b00-8775-257b1253f2bf,2025-07-09,Maintenance,3159.82,INR,SHW,Cancelled,428,"PartC, PartA",0,1,L5oIs5pZ QUORArisnv 1Z  chhM0Y,2025-08-31 11:35:29,5.0
bc6fc22b-d70b-452f-8bb3-9b4b531ec011,c5c52c2a-6a26-4c8e-8f33-3cab2b3b5dbd,2024-12-31,Inspection,4592.1,USD,CGG,InProgress,197,"PartD, PartC, PartB",0,0,Yq1JPqesUPe10kVFn5yt3l0UxMYutl,2025-08-31 11:35:29,3.2
9fcaf0d3-5589-462b-9637-a0dc5dc9589b,5063ac4d-5d94-4aa1-8da5-75f626681d28,2025-02-06,Repair,2006.93,USD,IQU,InProgress,203,"PartB, PartA",0,1,3qyA7byK83opOopKVO3g836CijBdUk,2025-08-31 11:35:29,3.0
e2e6e7aa-ee74-4e09-bf44-6f977780a238,e0c1e4cb-9fbb-4310-b869-7fd07c6c2ddd,2025-05-01,Inspection,3973.41,EUR,AGU,Pending,295,,0,1,i7FxKKPgd3O76aACIwoyVWVWYV434l,2025-08-31 11:35:29,2.3
8f406a19-8c6c-4419-acaa-8804527a6bb1,93266740-91f4-4359-8b08-b78f91b1de63,2024-12-24,Inspection,2318.26,USD,FFP,Completed,426,"PartB, PartA, PartA",0,0,3zI6Rxm7kumil6sRnnioUbjwQFHIAR,2025-08-31 11:35:29,3.4
b535bcf8-40e2-4aae-b7ab-9d5631b32973,f6cf3656-2cd0-4135-956e-a1cf2f0366ea,2024-11-08,Maintenance,4958.49,USD,RTZ,Pending,118,"PartA, PartD",1,0,8jdRseyGqpStJeXJFwbOQMTBF 2Bjg,2025-08-31 11:35:29,1.7
2005cde7-9293-4a1b-8f05-54d7c56c54f2,c4748110-a68e-45cb-a933-36ece4e06fd7,2024-11-22,Inspection,3443.23,USD,RHS,InProgress,77,PartD,1,1,ZJFxQzhjJeplcUD Rb7NF0lS uHvMw,2025-08-31 11:35:29,2.7
a055942f-8371-4403-ae38-96daa54e7dfb,a1a87919-b588-409b-b9d9-f9c3f5b68c8b,2025-04-26,Inspection,2660.75,USD,CDF,Pending,249,"PartD, PartB",0,0,yrN0Wi  RwCqL2 nyz0G8SFF4f eCT,2025-08-31 11:35:29,1.1
141b82c6-a5b7-4538-b4f8-0669c21cda62,988efbb9-9125-4feb-a25b-3bcdbce9b905,2025-01-07,Inspection,4148.12,USD,OPE,Pending,324,PartC,0,1,wmGFZjQiINXJEy7Z1OHIfGhFsEN4Hf,2025-08-31 11:35:29,3.7
5d83dfce-7d5e-4055-8d1f-f3ce4ebb81b0,da0cd1d7-8c9e-4040-b0f9-753e3b8fa9e3,2025-02-14,Inspection,2493.19,USD,GRA,Completed,300,PartD,1,1,QVAfLODEdnazhCkGLKeOK5IUBnmbIU,2025-08-31 11:35:29,4.8
8e22dcac-13da-49bb-851e-99c661f34cb2,fe82d02c-fa68-41f5-a28c-04492ab90369,2025-02-20,Repair,2209.62,USD,TRO,Completed,346,"PartC, PartB, PartB",1,1,DFQ70B6PbaWvzcjpr 4wQo9blF2Hzw,2025-08-31 11:35:29,3.8
5c64504a-3f0d-4c69-b9e7-0dec520f8cde,2cd82ca1-4ada-4b9f-bc6c-752308387eba,2025-07-17,Inspection,4013.78,USD,NVE,Pending,119,PartA,1,1,ECj0YR9gcQzVsb2yVvMkAA8PpUDguK,2025-08-31 11:35:29,4.3
d3f7b426-f917-411e-bb3b-d359087f9402,07e55b50-01a3-4ce1-9918-613ce73c2f49,2024-12-12,Installation,3522.09,USD,SYW,Completed,418,,0,0,pNrtHz7Xo j7aE6IH3UVdAPwWgtwgw,2025-08-31 11:35:29,3.3
10dda41c-3afc-45c7-ba27-4cef589c59de,3500d80d-9e38-41de-89f0-4a1ba8fd2428,2025-07-29,Maintenance,3356.34,EUR,UGX,Pending,438,PartC,1,1,mn MowA6Wb4xL3n0O8NRRvl90v5efu,2025-08-31 11:35:29,3.5
f9035183-2020-464a-96ad-02df31dc8ecd,193bf2d3-715b-4569-b4ca-1c52467167db,2024-10-20,Repair,744.37,EUR,LWG,Cancelled,278,PartC,0,1,hER175woMEwSSH9O4w1Jn5MTuVTv Z,2025-08-31 11:35:29,4.9
7d6e8348-b920-4e25-bdf4-ba4095bdc4f9,ce45b68e-f2d0-4249-bae1-52b648e7f95f,2025-06-11,Inspection,4795.49,EUR,HVP,InProgress,297,,0,0,WepmMYGNGXVVI8gONTjXILKmDaUrqg,2025-08-31 11:35:29,3.7
f90a3cfe-ce09-46ee-8c62-c939ffd0d08d,9df29ace-dc34-4d25-8277-830d5193dbee,2025-03-23,Maintenance,1091.87,USD,TRI,Cancelled,476,"PartC, PartC",1,1,kmSu zFWH1ElKWp71wQdJvFp1zgkL0,2025-08-31 11:35:29,1.3
3be67126-f76a-468f-8436-04fb0611e8b8,3ba49612-724e-495f-926a-965fca2266a3,2025-08-12,Inspection,743.86,EUR,AQX,Completed,376,PartA,0,0,SVqjbktp T4PlfxPcf6Ps4UExjfp3g,2025-08-31 11:35:29,4.9
78d3c63a-2bf8-4de3-bc50-53a2197941aa,066ff9aa-f037-48df-a79b-7a81a287e591,2025-03-29,Repair,1232.05,USD,BXC,InProgress,187,"PartA, PartC, PartC",1,0,pFElI HUuwxSsGvdqL0ONsp4rHZ TQ,2025-08-31 11:35:29,4.6
255100d9-d230-4175-b6bc-929ab1ca1229,a4656f42-c2fd-459d-b963-a3127f58efde,2025-07-02,Inspection,3396.52,INR,RZP,InProgress,329,"PartD, PartD, PartD",1,1,tkxdVAV0GKPcaPgR4NPPjeA1p54ZiH,2025-08-31 11:35:29,3.3
8cbf1205-efc2-42c7-9875-9eb3a9e2d522,8f39a35d-4dc0-4fe2-8788-ce5225a8c3bd,2025-02-13,Maintenance,2139.83,USD,NFB,Completed,469,"PartA, PartB, PartA",0,1,sOtbYzNzVvyFnrhOmgxLl IetN1HZU,2025-08-31 11:35:29,3.8
9699af66-0cf7-4a87-9026-145bdfbfce01,e256b2aa-dc9f-48a1-8e10-f2e122c86d2f,2024-10-18,Maintenance,1499.69,USD,MNW,InProgress,189,"PartD, PartD",0,0,8j9kIFMh4gnlETqRkYeNiHY8emtAkh,2025-08-31 11:35:29,4.8
443e8294-3ec8-4efd-9961-5850555811be,dbf2c73e-151f-4a03-9df9-bf696cae5d9f,2025-03-05,Repair,4934.39,USD,SCQ,Completed,191,"PartD, PartD",0,1,osSA2GUVjEaxDy3GTv5JN4tszeYw5C,2025-08-31 11:35:29,3.8
e81c5ecd-715d-4ffe-aab4-1dbf68d3a8d1,26ce454b-07d1-4151-993b-faae31dfae49,2024-10-28,Inspection,3892.5,INR,ZRD,Cancelled,377,"PartC, PartD",1,0,JdEmqokSPH6vS fojkd9jBDVP6amyI,2025-08-31 11:35:29,3.9
f168a63e-e392-4a46-be9e-0f409ac499fd,8f21925e-300e-4678-a33c-d34f81c09f5d,2025-02-24,Repair,3971.2,INR,VGV,Cancelled,256,"PartD, PartD, PartB",1,0,UVysYjSYJweR9CfpGKMsHkOICqEd9r,2025-08-31 11:35:29,4.2
134a03cb-6c72-42e1-9d48-31d523296930,42b25ca8-4c41-4d29-94b7-5924054654eb,2024-12-14,Inspection,3060.46,INR,BUS,Completed,33,,0,1,huSfmhgfl2yaKjGIS7gBLUmqaBG5f3,2025-08-31 11:35:29,1.7
1f49cafa-5387-43b0-8599-9d9e62fefddb,4b247895-f83b-4faf-89cb-8aa7def8c0ba,2024-09-17,Maintenance,1476.23,EUR,IIG,Cancelled,81,,0,0,KHyu5C0RxYrFJlR6CPuF9PcSLGX4Jg,2025-08-31 11:35:29,4.0
947253bf-8629-4e9a-8152-75f8bc6b0d51,6ae29032-254e-4a96-8413-b3dcfe9b32e1,2025-06-01,Inspection,3449.34,EUR,SDG,Completed,55,PartA,1,1,aecuhApjexYiMiJKZaB5rSFmoeipkD,2025-08-31 11:35:29,1.7
5cd1ce32-f860-404a-a461-cba60260d9db,1adc426a-c8ca-4837-ba12-419977b0c1e5,2024-12-03,Installation,4089.43,USD,YCX,Completed,395,,1,0,xDsymuqg3j9xJEOUVMRt0gXJR4aDJ9,2025-08-31 11:35:29,1.1
b7066ebc-9bc6-4977-81ee-59e6b12cc399,5eb1556d-6915-4916-ab61-07bdba5e1b53,2025-07-28,Repair,3267.55,EUR,YPD,InProgress,197,"PartC, PartA",1,0,xqTVWeIX4v5iRMyoHnUNSmIZMS Ip5,2025-08-31 11:35:29,4.9
de34d165-0c0e-41aa-9b61-7463a1e31ba8,2d49ad2a-ed94-4368-bdfc-b97cb383a9c2,2025-07-09,Maintenance,816.83,EUR,RHV,InProgress,250,,1,1,wtzcC3o22iDOYkNXiIhUGbIZ1PwxTO,2025-08-31 11:35:29,1.1
8cb7f409-97e1-4d0c-9385-3d78dcba0599,7cb254eb-fcbc-4331-b463-c6230861a8f0,2024-12-03,Inspection,1064.44,USD,GZH,Completed,325,"PartA, PartA",1,0,c0dhufYpI1WdlsbD54AxzmEF3VDHt ,2025-08-31 11:35:29,2.8
43c82275-9dcd-4821-a439-7d89f474f948,0354c94d-12ac-4f02-b8ee-4517246badb4,2025-08-15,Repair,4019.26,USD,AXS,Completed,396,PartB,1,0,y3zetGgJ0gliO5DhP OD Aqqy i8e6,2025-08-31 11:35:29,4.5
5ef54a55-1469-4ca3-8b97-3e46980287e9,68f4099b-cc6f-4d7d-b815-a2d2f6346ee7,2025-05-07,Installation,3024.81,USD,LRZ,Cancelled,114,"PartD, PartD, PartB",1,0,zMp8yCAum4MkUa2BXXpVVJ1ALx3EKU,2025-08-31 11:35:29,3.3
75d9f59b-f396-4fa0-b39b-639a49cfb4c3,5d742c10-97b0-4da6-b125-c9bfd51d2b18,2024-10-25,Repair,1028.31,EUR,UUX,Completed,172,"PartD, PartB",0,1,RdEuyFc2V0CDoNZUlXupD9SNSEowzP,2025-08-31 11:35:29,5.0
c2bd9d59-d3f0-4476-9e82-9e2b2be056c1,0f8c1bbc-038b-4591-89a1-ab9aab263dc6,2025-06-11,Repair,3721.33,EUR,HLT,Cancelled,435,"PartD, PartD, PartB",0,0,7nGtPrknX155liK83r6MkqwplfkoS5,2025-08-31 11:35:29,3.0
f2d39da5-f296-4aa1-a63b-b8d4cbf162ee,b1188834-1f18-4197-a481-857ede3966b9,2025-08-14,Maintenance,3980.06,EUR,DWZ,InProgress,413,"PartA, PartC",1,0,fsbU2VnvlBGe4JQD4VZQk5HkE04hqC,2025-08-31 11:35:29,2.6
549c4fb3-9ea5-4cf6-a995-38d630d2e5af,9aa1e80f-608b-4321-9a96-cd5773fc2715,2025-08-21,Repair,879.22,INR,RYF,InProgress,401,"PartD, PartD, PartC",1,1,37II1Ym1oeBMacsugI7PdU4k2iQm6Q,2025-08-31 11:35:29,2.8
01029490-8bf7-45a3-9c7d-2be892b5b882,143e5107-9958-4532-bcaf-99cb4b2bc87c,2024-09-26,Repair,839.63,INR,UEZ,InProgress,386,,1,1,Vcpi9NncSyv xLD7BhINPWIcJX 0DU,2025-08-31 11:35:29,4.6
5ea1b680-ee55-438c-a75e-1d14feaeb55f,b25c9313-6e62-4dbd-bb27-71a6ed31a93e,2025-03-27,Inspection,2875.36,INR,PKU,Cancelled,181,"PartC, PartD, PartB",0,1,hVj2Tl3qNFdFt6m0XQvt54Ho3v1nNc,2025-08-31 11:35:29,4.8
9131355c-b15b-4a43-b593-a72f4ceb7771,c2aedf9c-2089-462d-8445-8146c6748e4a,2025-07-19,Inspection,2525.89,INR,OFZ,InProgress,430,PartB,0,0,WFtjkSybGC62mTo7uWa2idFr2OZSh6,2025-08-31 11:35:29,4.2
5f5c0a8f-350f-4b54-8c8c-9a254c052a37,6428cfe4-130b-4451-a4fc-42fb38114f80,2025-05-31,Inspection,1473.89,EUR,SKU,Pending,195,"PartA, PartA, PartA",1,1,RJGyefYJWQX6MIgYpIZ3IxmgApez6p,2025-08-31 11:35:29,4.7
c37fca07-d08e-48ad-b70b-61e24cdb268b,449c803d-a2ce-4370-a7d8-bd3ad12e6022,2025-07-07,Maintenance,1347.6,USD,NQI,Cancelled,115,,1,1,5rNNC18dKLAXujlYEj0djOG2bTedLr,2025-08-31 11:35:29,3.2
9297db7e-5e09-4ae5-8f20-035460ffa958,0660e17a-7e30-4620-89a8-77485f7d1582,2025-07-09,Installation,1188.87,EUR,YGM,Cancelled,221,,0,1,Z3nsDVAcKThxEG8gsGarxL9zZOiR1K,2025-08-31 11:35:29,4.7
e3e1b0a8-afe2-463c-9917-fe92dd002d6e,7b90ed7a-2c11-41b7-93b2-8f63758b5375,2025-06-22,Repair,2096.61,EUR,QOV,Completed,366,PartC,0,1,O7vgbbY8JJd92qLcscFiYt2HcF5V8f,2025-08-31 11:35:29,3.6
557d1450-247b-4380-9dfc-0e79186e52e6,b1bbe834-b86b-4a91-b2d9-d8bb95c3bc97,2025-08-11,Repair,613.87,EUR,IGA,Pending,252,,0,0,VIiJrAZeUJhBjQvfZK3J7vY6IyGdtE,2025-08-31 11:35:29,4.7
16973ae6-84ff-4aea-875b-5301582b4901,786d3fb1-ec1a-418d-99da-02dbb3db51a4,2025-08-05,Inspection,2132.98,EUR,DJU,InProgress,40,"PartC, PartD",0,0,lzBVMrDpY1 Cd8SAJSZHRKPgF kY78,2025-08-31 11:35:29,1.3
9bef44a9-2805-443b-b18b-c2928e2bce92,4707f364-c697-49a6-9fc5-e7fd3d0b7327,2025-01-17,Maintenance,4078.98,INR,SIT,InProgress,127,"PartD, PartA, PartC",0,0,oqnEPK3DTqmZeZ3pIEKM17Azg5Jx9Q,2025-08-31 11:35:29,2.3
eade0945-4674-4802-a7fb-7a6564ce8d79,2daf6540-9611-48ed-ab49-a39a2f6d06ef,2025-03-11,Maintenance,4763.59,INR,REX,Cancelled,462,"PartB, PartB, PartB",1,1,1Dxy983hnZcol1GmpqGqgHZy6aPIld,2025-08-31 11:35:29,1.5
b676e117-fafe-47e1-ba8f-fee8813c2a99,2b43864f-9e36-4e21-aba6-92e6dd21c547,2025-08-17,Inspection,4697.77,USD,FFD,Pending,453,"PartD, PartA",1,1,mc8P7mYDQBJk2PJFv6W7Gd73nXduxO,2025-08-31 11:35:29,2.6
01d03dda-e800-424f-9177-3e3872137547,e2e4ab31-ae39-4e2e-bcfb-ac8ec42c74e1,2024-12-24,Installation,3708.52,USD,UMH,InProgress,144,PartD,1,0,MFvKpl4HPVrGS3j0zckJNpb n5XUhC,2025-08-31 11:35:29,4.8
af435472-5f11-446a-95ea-1a2d74e57feb,c6e67a95-c810-43cd-98aa-d7ed69f92bc3,2025-01-04,Repair,806.3,EUR,QGO,Pending,202,,0,1,WABlzuWvkK6cRIjOmI GFeQmG9Ehqd,2025-08-31 11:35:29,2.2
0546f210-f09f-4c5b-b540-b0901805218e,ce2eec8d-a1c9-4fcd-b758-0a4be452b86f,2024-11-13,Installation,2822.33,USD,GKR,Cancelled,424,"PartB, PartA, PartA",0,1,a93h33JniD2BzIrF KbbpyylkN6Chk,2025-08-31 11:35:29,3.0
449da19d-2703-48f9-af9e-edfa89eb74e7,5952c998-f9e0-4327-9456-0576a6a314f0,2025-05-30,Inspection,761.86,EUR,VWC,Cancelled,311,PartC,1,0,JdaB0wJn2uPibITesEPF2rMFy3qUjc,2025-08-31 11:35:29,4.8
2691044a-b1b0-4153-bb6b-262811b9d744,50d19a8c-4e55-4d23-931f-022e0a861395,2025-08-28,Maintenance,3441.69,USD,ZVM,Cancelled,382,PartB,0,1,lpIMraCE7kAtEywCOl9fHxd1vpBqsh,2025-08-31 11:35:29,1.2
889539e4-4814-4183-9b7d-885c47e69a84,2b104b08-f906-43fc-9497-56e7838c2421,2025-03-17,Installation,3191.26,INR,ZTK,InProgress,59,"PartB, PartC, PartA",0,1,pDEVKsWE9GMbf0lkFm07I47Pea1rKV,2025-08-31 11:35:29,2.3
1c925232-1abc-4246-8fc6-49bebd6ec9e4,81f0e8c5-fe22-46f3-8eae-423560222539,2025-06-21,Repair,3974.68,EUR,EXU,Cancelled,472,"PartB, PartA",0,0,XymXkaAJAPRjSvVW6Mm8B ygGOh7G6,2025-08-31 11:35:29,3.6
b95a99c1-dd8e-4a6c-b460-24bad04e6d34,a0330534-7aa0-45ad-baca-82c7e142b8ab,2025-07-18,Maintenance,2795.31,EUR,GDC,Pending,64,,1,1,7k7jtbwuBL7l ADM0YD8HnLJosjfmI,2025-08-31 11:35:29,2.5
7f3c8456-977d-4c66-9f8b-2038c0814864,e63a923a-4600-40a3-a4dd-7a89dadc5b06,2024-09-17,Inspection,3685.52,EUR,XWW,Pending,458,PartC,1,1,z3PAi4TV6Du3KrlW7MTwsp6CAEAPwj,2025-08-31 11:35:29,3.9
720fc9c0-6f42-4741-ade6-fb5fbaaaf850,6bf26b37-529b-4731-ba06-4f5b02d6d3b7,2024-12-03,Installation,2940.17,USD,YFV,Cancelled,31,PartB,0,1,57GnN qYUgV0lNSNXjTarG Ilj5RwV,2025-08-31 11:35:29,2.5
c03ab4c5-a03b-4e50-ba6f-6ca431af1624,ed76a44e-c2f4-4a6a-8d5d-ccffcfa9602d,2025-01-20,Installation,640.61,USD,TFN,InProgress,167,,1,1,f vjrTF jTeZntuEajRQllhUZ3asY4,2025-08-31 11:35:29,4.1
1ab55535-eb0b-48ff-96aa-8cf150c63cb5,93c4f401-ebdf-4251-84fb-f98afbddae10,2024-11-06,Repair,2765.71,INR,URT,Completed,211,"PartC, PartA",1,0,nHfz4ILayoXz3uU1pwhzZMFczSEl90,2025-08-31 11:35:29,1.5
9178613d-471f-41e9-b9b3-75de278c2b66,3723ed9c-44d5-4a43-923d-a3d3547e266a,2025-06-27,Installation,969.71,EUR,NAG,InProgress,411,,0,0,k3vQMvqLww6o0HlnzTNtswwTTJ3RP2,2025-08-31 11:35:29,5.0
c832303a-62a4-4ad3-b206-271f03257d2c,9cbf995d-9dc7-4adf-8141-67acb78f267e,2025-03-10,Maintenance,4715.89,INR,TWE,InProgress,231,"PartD, PartD, PartB",0,0,9wivuuhK63ssLeWBka6pQnFUsSheui,2025-08-31 11:35:29,3.0
fd171258-f4a5-4828-aa01-bb1776424225,96d9c6a0-a3e7-4d16-b844-ab95db0bffcf,2025-03-07,Repair,4974.06,INR,QZJ,Completed,182,"PartA, PartB, PartD",0,0,YTNgL3QwW3HoT4BkVvY5VK79vmE7xT,2025-08-31 11:35:29,4.9
9ef1f766-bbce-4291-adda-25a19f6188af,92b6ddc3-d168-43cd-a081-ccd0520bbd21,2025-05-25,Repair,4268.19,INR,JTY,InProgress,118,PartB,0,1,xjdk2FMRq5rsk1mVRLQgGA1bkt4EWs,2025-08-31 11:35:29,2.4
b7d8481a-ce25-493c-9e8e-4237caefc666,2e7c0d72-1110-4c31-b164-91908ec8e81b,2024-12-19,Repair,4161.03,EUR,KDM,Cancelled,412,PartB,1,0,FepsISBXfFiYsXl6i5Ik6H3BO9Kth8,2025-08-31 11:35:29,4.0
3b8364b1-0e89-4903-92f5-3f90fe1aeef3,9b5d3ca9-fbab-4c5e-9e94-6394fb38bd5d,2025-06-01,Maintenance,3984.89,INR,JNM,Completed,301,PartB,0,0,eVM018WFvd5VPLSkjgLvT1DZLG7Q1j,2025-08-31 11:35:29,4.7
b77c8abf-b921-4f16-bc3b-151046fc998f,6c89d918-a5a1-409b-9a39-fbbafbb5af76,2024-11-10,Repair,3818.7,USD,XDU,Completed,350,PartC,1,0,wwX57AzHPtGj3eOjIppfLMXaaVZa95,2025-08-31 11:35:29,2.3
520b2105-798d-45f3-ba6b-816451f2870a,b03a2304-2f15-4e35-b99c-944fd6652d4f,2025-07-23,Repair,1427.67,USD,QTJ,Pending,367,PartB,1,0,9DKSGw9JmCFZSxOldPuzSS3kFDGx1o,2025-08-31 11:35:29,2.9
e903a7e6-0ddd-4552-9672-8278935f2b27,7e654a07-76ce-4b36-86c7-c6e567fc35c7,2024-11-24,Inspection,4459.1,EUR,TAK,Completed,339,,1,1,736NNMw0VmcTSCQrqIoLewxaUKPWI5,2025-08-31 11:35:29,4.0
c52a39ca-d184-4a4a-b3d8-20171059846e,93e87333-696c-4f07-b8d8-353046b2c90c,2024-12-02,Maintenance,930.59,INR,ZEK,Completed,138,PartD,1,1,S6ytDlzf hK V2aEn9uBjdBIdw6lY0,2025-08-31 11:35:29,4.3
03b6fde2-d3be-405e-869f-2299d9e8efdf,af99bcc8-b85a-4a5b-b32e-26769982a5c0,2025-04-19,Repair,1628.05,USD,GZX,Pending,298,"PartA, PartD",1,0,rfSvYD72zHPuKzHvXMLeCnYUbUOWpU,2025-08-31 11:35:29,3.5
848dc9cf-fbb7-4ed8-a32c-5f9826d3f149,ade99e6f-81db-4fa3-8abf-2212e321a994,2025-02-22,Maintenance,591.76,INR,DEX,Pending,433,"PartA, PartB, PartC",1,0,cWqL QEyvKVg7Hct4ZgYsxvu2cl7tf,2025-08-31 11:35:29,3.6
8937d41b-17d9-4460-a7d3-da36d1b061e7,e901e812-d7c9-4a49-8d91-2e5af6d82013,2025-04-09,Installation,2739.11,INR,GRS,InProgress,408,,0,1,d8bE7  mN5OhWWyEUVWVrAmr1nBMFB,2025-08-31 11:35:29,1.3
3cc6ef5c-1146-490c-a2a7-c5e20e59b9ca,851914f1-4bbe-432e-883e-e2da78fdbdeb,2024-10-28,Maintenance,3600.16,USD,JCO,Completed,413,PartB,1,0,81p9anOeruvdKoqjdtORIEhik1uruq,2025-08-31 11:35:29,1.1
1f4280c5-aa11-4e9d-946b-9dcfa1f35f99,b674466b-8de7-473e-b735-b510360449b7,2025-07-01,Maintenance,1569.06,USD,JCC,Cancelled,392,PartA,1,0,uUK3JU6l6aWCcg9PvbR95CRKZPZmnZ,2025-08-31 11:35:29,2.7
c6f9b2ff-ddeb-402f-af99-07336b255202,6bd8f962-ecda-40ad-b75e-b2a18a9897f9,2025-08-07,Installation,4653.38,INR,PYW,Completed,162,"PartC, PartB, PartA",1,1,82hztdw3RkjmUEfeY5Hwvj8utsIJP2,2025-08-31 11:35:29,1.1
3d77895c-369b-4527-bf6a-f3cd8732e595,98a44e88-f5fe-4d11-90db-58820337b4c2,2025-04-23,Inspection,3756.2,EUR,DIA,InProgress,171,"PartA, PartC, PartB",1,1,JjPog kzApZiSgrruJ7k3bhmgYOFwV,2025-08-31 11:35:29,1.7
c8e7a3ee-d65e-431b-9f48-ac4bf5b1b9ef,aba27acb-085a-4622-a0da-b12e5dc8fe22,2025-01-12,Inspection,4467.22,INR,FBK,Cancelled,288,,0,0,GKq2dLk fElfO9QjZp3KGxm8bzddDF,2025-08-31 11:35:29,1.2
e91b63bb-53e7-4a6e-b493-cba386923e93,7d398e3e-b052-4307-bdf2-00223c80a5f9,2025-05-18,Installation,1191.39,USD,KCS,InProgress,281,"PartD, PartB, PartC",1,0,Vo03DFZ93TSD Pw0xkNGAO5YCqJOP0,2025-08-31 11:35:29,5.0
986d8699-c701-4c75-bbc2-9eb8e0b3a0b1,7c2d07d0-8b75-4ed7-8541-53b03623206c,2025-05-03,Maintenance,2794.39,INR,RXK,InProgress,327,,1,0,XqPjiWZIjtG6Aiahbk14JmenVa9Nt ,2025-08-31 11:35:29,4.4
d162e730-ef64-4e05-aadb-0db078fea0d4,31cdd77b-c15d-482b-912a-acea48ba4043,2025-05-22,Installation,2512.64,EUR,KJH,Completed,316,"PartD, PartD",1,1,Syd4LQ5p e8zOXJviqFb1nbeClJeTo,2025-08-31 11:35:29,3.7
ad3a1419-d01a-47e0-8756-43cf8d2eb04e,232cac34-d811-4602-8a82-a3b57202ce72,2025-02-14,Installation,1017.97,INR,BJD,Cancelled,423,,1,1,dMiqxUBYjJ5zU2nN01Wbehznbn4Poo,2025-08-31 11:35:29,3.1
e7ab369e-5b6a-4164-a2b4-0451b4e1280f,d0c3c170-6a04-48f9-a065-34fa47cfc0b7,2025-03-11,Maintenance,2233.39,USD,TCP,Pending,345,PartB,1,0,VJlxgMnZCwBErY7038vk54m2d047mf,2025-08-31 11:35:29,3.0
ee342fd0-389f-406a-b74a-d1b3f4cc6894,96e21b9d-c561-4182-9ef2-a4a8137ec37e,2025-07-27,Installation,4301.57,USD,NCQ,Completed,385,"PartD, PartD",0,1,x934cBGM46KMOZSuMlXt8bHyFM95y0,2025-08-31 11:35:29,2.5
6e7dab80-9d7f-4ecf-883c-17bf514a21c9,ca0160b1-4e23-49f2-a3eb-5e72b60dc295,2025-02-28,Maintenance,2168.14,INR,LLR,Pending,420,"PartB, PartB",1,0,ZpaLfUZq2 HTKvJlV0qo1W8tX372YC,2025-08-31 11:35:29,2.5
90fb9628-6f04-4f7c-8c7a-90f19f67a5dc,aefced02-dc79-43fe-90e6-338ee44a49de,2025-07-21,Installation,4347.67,INR,VLT,Completed,446,"PartD, PartA",1,0,BZdzFeO6OSDZm1lW18ofDaR7DrDG3H,2025-08-31 11:35:29,3.3
f8d96ef8-516f-474c-8105-e6db8b8160b0,f097cf0d-059d-4908-bf8e-a1929fa78ea6,2025-01-22,Maintenance,3562.18,INR,OVL,Cancelled,159,PartB,0,1,fbNFH6IYsUwAh4klVy8vQZr5Od27i0,2025-08-31 11:35:29,1.5
1d2d7333-8ef4-437d-9d2d-bf29cd423e2a,2e033cfa-6495-470d-855b-2e7f7931ad6b,2025-07-02,Maintenance,3494.37,INR,QTJ,Pending,186,PartA,1,1,aGcUTqPejPdSK2enVMWThTJ1x7n26f,2025-08-31 11:35:29,4.1
66f8f170-1b09-47a5-8835-ef84847949ae,28bad8fb-a497-4c6b-9268-213ec85a48ca,2024-11-24,Installation,3106.99,USD,QGM,Cancelled,473,PartB,0,1,P3sbdxSCbl4yTF4QD94atzlVnFvPYi,2025-08-31 11:35:29,3.8
8d1cfb2d-93c8-4196-8346-e709655a6fd3,2cfa67c1-92fd-403e-b582-51277bb28226,2025-03-06,Maintenance,1975.8,INR,BRM,Pending,136,"PartB, PartD, PartC",1,0,wMiho3zF7PIuUQGmdEEk2TwEgS5JfX,2025-08-31 11:35:29,4.5
9afcbbf9-ba76-4e75-ae6a-6c968b9eb030,d582037d-7f99-4e0b-a9f1-4a4c28afa830,2024-09-23,Installation,3102.32,EUR,DZH,Pending,66,"PartC, PartC, PartD",0,1,hlAB0E1VQuGxgpJQKSHLgXiqp5W5XJ,2025-08-31 11:35:29,4.6
3c4e86ae-8729-4cb0-83b7-5b75d7057735,5e4408ad-7e8b-4a35-ae84-f1a03076ddf0,2025-05-25,Installation,784.77,USD,FEK,Cancelled,243,,1,0,RlD14AWVXsByUH6RI0LDNGXIbk2YOa,2025-08-31 11:35:29,3.4
bc276ea9-d40d-4d1e-94fa-0f2accf81638,e98defed-6d15-4846-94ed-032281016daa,2025-07-18,Maintenance,4148.72,EUR,EQT,Completed,232,"PartD, PartA",1,0,uyED5nhBR8vID9mZqXK8MVyCw7 RDT,2025-08-31 11:35:29,3.3
1a4452d4-816a-45d6-88b4-0de7d89e529d,b8808eec-684a-443d-bf81-f5ddba085d6d,2025-06-07,Installation,1092.92,EUR,GKS,Completed,287,,1,0,22nvvfiYuXFJn2W7275WqT2WUv3sSy,2025-08-31 11:35:29,2.8
a5720f47-3590-4e01-8369-a701f37cdc5c,20046811-8264-4e22-be1b-0229554c7789,2025-01-01,Repair,3071.22,USD,TMK,Completed,116,"PartB, PartC, PartD",1,0,EqNdhYNS2eed1xynQjZoRHQdD0Cd9T,2025-08-31 11:35:29,2.5
b242fab4-1fd4-4d17-bd4b-9f73a0ed293d,a3815ab2-5fdb-4f85-8ccf-a760b59892f6,2025-06-05,Inspection,4452.31,USD,FJK,Cancelled,275,,0,1,QfeHxCBbrJEosFAlMeh9gQHrzaHgs6,2025-08-31 11:35:29,3.4
50537ebc-6533-429d-a8d4-1bc959dc65c6,014b4b81-d934-4185-af88-0075fe957ad6,2025-06-23,Maintenance,2305.87,INR,GNA,Completed,472,PartA,0,0,XfblJ1JHpOJxZIaA0zm79GvYbR19Db,2025-08-31 11:35:29,1.5
1f06132c-453c-4c0f-a31c-33d57d2a99bb,1711d6bc-dd89-4f2e-a690-8d47f0a0edaa,2024-11-19,Installation,2232.22,USD,BSW,Cancelled,356,,1,0,1RXzb wMv17imD4d0ldmTtmXb iOyP,2025-08-31 11:35:29,3.4
770ef064-e3cd-48dc-bec1-35e10acb4dd9,21ccb6b1-861f-4306-8bb3-b9d949bf11df,2025-04-28,Installation,2503.06,EUR,DIE,InProgress,56,"PartC, PartD, PartD",1,1,wuZvSbykyLKBJhp9tHYMLvNUoS 7ad,2025-08-31 11:35:29,1.2
c2480072-e8a0-4712-b34c-3493431c995d,5c1a1935-5fd9-460a-aa95-0bfca32e52e4,2025-01-20,Installation,1384.9,EUR,XXF,Cancelled,100,,1,1,IzUK5pVeqbKsMUFQ1KOlWYNkhzRxCI,2025-08-31 11:35:29,1.5
5448add3-0fbb-4b74-bb06-0a92cf4a90cf,6e97f91d-0c3e-4ef5-9d59-0fc73b3e1750,2025-08-29,Inspection,4063.39,USD,MPJ,Cancelled,256,"PartB, PartC",1,0,PVdDbb3NEpRVHl615nwfoCS5LACuHB,2025-08-31 11:35:29,1.1
0f2e9d7c-c827-4b6b-a4b8-13a0af84d353,a0e287b3-fe4f-4dca-9a9a-0ad33f3d7fbf,2025-03-03,Installation,3247.58,INR,DLA,Pending,410,,0,1,gS 8 deDK29PDOJViZygbx2N8TL172,2025-08-31 11:35:29,2.2
9bb4e280-2de7-4259-ac5b-461e8eeb708a,6a73ef66-8be3-4226-9600-191b43dc29f3,2025-03-08,Repair,2430.85,USD,LJE,InProgress,144,PartB,0,0,d5DScKwEq6qeTnnypdMI3QZHcPwsT2,2025-08-31 11:35:29,4.4
98f153bd-d1cf-4461-848d-473dbef665b6,b7376676-0e0c-4da3-949e-e802bc26d152,2025-08-25,Installation,962.52,INR,BIU,Cancelled,156,"PartD, PartB, PartC",1,1,Fo Ea1j2oyhLnXqB67Z3J8V7tEZgaa,2025-08-31 11:35:29,2.7
d1392590-dbd4-4f56-9fd1-6448aa29a6d2,d97cda34-f0c1-488e-8a27-6eede18c4ddd,2024-11-30,Maintenance,4766.22,EUR,TIB,InProgress,252,"PartA, PartD, PartB",0,1,g39vzdmL3rjhaYeQ59stSwbX569ZEv,2025-08-31 11:35:29,1.3
a6e61ad5-73fb-4f1f-9fd7-8f9c5d4df798,01d468c2-2ec1-42ce-867f-a34c7470c322,2024-12-22,Repair,2889.23,USD,RCL,Completed,431,"PartD, PartC, PartC",1,0,8xp1ADjdwOfkoVJPoKVlB9T6I0BYGO,2025-08-31 11:35:29,1.4
4d846205-bd68-46de-a763-025c46beb09f,9bbfe182-8bf3-496b-bdce-f44079a21c6e,2025-07-18,Maintenance,3396.35,USD,QWH,Cancelled,148,"PartA, PartA",0,1,81ZhVeuMGOKYI9cqHg 9R1gN587PaK,2025-08-31 11:35:29,4.6
7a2e260d-39fb-4709-bf1f-9fc486654cc6,3951a98d-759d-41c6-a6f6-675e35851fd8,2025-03-10,Installation,2998.47,INR,MHT,Completed,334,,1,0,pUruPgohdKzQVki27iMFtC1F85HA96,2025-08-31 11:35:29,4.3
2c2c2dda-2f31-4eef-a959-583ebeaf043e,64215550-14b8-4fb2-8c52-d78198d3de24,2025-07-19,Installation,4828.09,USD,LNF,Pending,278,"PartB, PartD",1,0,8oQdXCfMZIS3l7h7QXhWjHa2PRdlBz,2025-08-31 11:35:29,4.7
264618bf-ca67-40b8-bec4-454ccf038194,fe9a6075-b786-4343-90af-20d03602f324,2025-01-05,Repair,879.79,USD,JXB,InProgress,284,,0,0,btSTN5FEmnc0Mmc9ke7c6Meg8Djnkz,2025-08-31 11:35:29,3.5
d5aa93d7-011b-47da-8677-a8f1524cee80,e74d1d04-5778-4c85-b9b9-492050ffd423,2025-08-10,Inspection,4600.26,EUR,PHS,Completed,141,PartB,0,0,IrWzaLCtcTM7NdcmE50dwZaaADPyjP,2025-08-31 11:35:29,2.8
368dd523-6a1f-4557-ab56-9a0fe5e557d8,7809bbdb-a5c9-4ad3-93f1-7f1bdaac8850,2025-01-23,Repair,749.92,INR,KAK,Completed,410,,0,0,uWkI9k4f6LhladGy1cd9FN17z2yWGz,2025-08-31 11:35:29,2.2
f877a2aa-3082-41f0-ada2-8bf4fc068774,33fdc7d5-a163-4563-9ae5-8b7b187bdb2b,2024-11-28,Inspection,3633.3,USD,MFT,Completed,414,PartC,1,1,ydkMQK2m1z j2Xq3Dek1p7SMKpaiak,2025-08-31 11:35:29,3.6
9de3ce41-d582-4c20-90e0-8df9d7f804cc,16c8a393-29e3-4fa7-bd71-8f823055b8ac,2024-11-19,Inspection,681.82,INR,TLP,Pending,259,PartD,0,0,GMhwIt0Znko9Gi3Y3RaVEwzOHYoptU,2025-08-31 11:35:29,3.3
f666c950-af00-462d-8f04-f893f451ee6c,15887451-4539-4839-a6d4-52c9e6b931e2,2025-02-01,Repair,2966.07,USD,ZKX,Cancelled,142,PartA,1,1,4AriQWx1jRu1xkafJTGkS ZpRWMnq4,2025-08-31 11:35:29,1.4
8ebc98be-fdb7-453d-aabb-9f00814a550e,19f92867-9aa0-4ffc-842c-ba2d8909fae0,2024-09-28,Inspection,1852.92,USD,ANY,Cancelled,468,PartC,1,1,MqPC1aV6u1sFb1jwYNqkf8Fvd0OAU7,2025-08-31 11:35:29,1.1
535f5d86-8c4c-42f4-a7aa-6d6d59561a65,23c4033c-e218-4c32-a96d-d360cd0d74e1,2025-06-30,Inspection,3674.56,EUR,KEW,InProgress,197,"PartC, PartB",0,0,o2O1UyVv0KozOTuAwM6bRAg63nNRE8,2025-08-31 11:35:29,3.2
a4f9d75a-3778-4b72-8b2a-f3c9acd95dbe,57e038d5-9f30-4664-9e63-282423a8a3eb,2025-05-01,Repair,2615.46,EUR,CTJ,Completed,210,"PartC, PartD",1,1,zJvW8puif5DifHPvdfQmnWYDhkZVtA,2025-08-31 11:35:29,2.1
f9386512-ad8c-41b7-a72e-d50e75c5b584,3abab328-769f-4234-b12e-3835af8a84f3,2025-03-03,Repair,2037.28,EUR,HJK,InProgress,198,,1,0,HFevJL 3TvTcuzXxWSNFg5YisRavj9,2025-08-31 11:35:29,3.2
c54b6ba7-f56c-4b56-bbfc-866a68aa022b,2389216d-b8dc-44bf-8cbd-969321891b28,2025-01-19,Maintenance,1021.58,INR,FIB,Completed,275,"PartB, PartC",0,1,epTEp5rX3RmTrFyUVgTyCy30ICyZMq,2025-08-31 11:35:29,1.0
3c7a40a3-3f93-44cc-81ff-98193597247b,3f6657e5-6750-4297-9429-39e6fd5f7b47,2025-05-27,Repair,2016.58,INR,OKG,InProgress,305,"PartA, PartB",1,1,Z4E Ue9pQcVy7 QBKFVtyFP5Uv1BvL,2025-08-31 11:35:29,3.2
2465bab1-0473-4f96-a46b-84a016f27759,e7b3e345-d792-456f-8366-231f3ab0cd70,2025-04-15,Repair,3009.17,INR,HOH,InProgress,357,"PartB, PartB, PartC",0,1,E88YXRrDPBhB7oQuKEl PqB0W7h35C,2025-08-31 11:35:29,1.1
5a4aa715-dd25-465a-9e8f-a22a4684460d,ba2f6bd4-9408-4c61-a56a-c2a4ae57cead,2024-10-20,Inspection,1096.77,EUR,VTR,Completed,321,,1,1,4fp5kChrfbkHbPlQRDBbOua5BY6Oac,2025-08-31 11:35:29,3.1
06468bee-72f5-40e9-af44-5be964ca2d30,c8cfaf6b-6eaa-461d-8079-bf013a1b8b1e,2024-11-13,Installation,1367.93,USD,LNN,Cancelled,381,PartB,1,1,vvYZcHBgVxL05TbQDl55ik2HlbXIrT,2025-08-31 11:35:29,3.3
c8fff84e-3815-4d4b-8da4-006ede617e2b,ffcfa746-e75c-4df0-8ce9-6989b2063682,2024-12-14,Maintenance,2318.66,INR,SCT,Cancelled,362,,1,0,OXAcE7Sto13LU78gAabBDRDR71 VRE,2025-08-31 11:35:29,3.0
e64af892-a991-49cf-9210-9b935b79b037,a2c30a2d-ee52-4dc6-9f45-d7d027149945,2024-11-05,Inspection,3300.11,USD,NFC,Completed,333,PartB,0,0,dKzWj9b94v3WASz9u1jc5qXyk9le0V,2025-08-31 11:35:29,2.8
aa8246a3-f99e-4b95-a3ee-ce349f3e2643,ca140d3a-ffa9-44e3-8b75-e3354d07ae40,2025-08-02,Repair,4259.48,USD,JZU,InProgress,392,"PartD, PartA",0,1,QnY9224lVREqDeYzhvWG0jEXowZung,2025-08-31 11:35:29,2.4
123bfd0c-7c97-467d-9840-bc0672743858,0fa2edb3-6426-4240-a2cc-4ce766311846,2025-05-28,Inspection,4790.98,EUR,FDH,Cancelled,284,"PartD, PartD",1,1,RHbIcXDBwCURlrusrEwlhRDnx3KAX2,2025-08-31 11:35:29,1.7
99ebe51a-e8e8-4eb4-a258-8689297885c3,b4e20a8a-7220-495e-be57-7b10a2fc1742,2025-03-23,Repair,4076.8,USD,PMM,Completed,160,"PartD, PartA, PartA",1,0,5jNYjBnrcvdvKol8ZEv2gvtiXioVm9,2025-08-31 11:35:29,3.7
830bc67a-6b93-4c6a-b103-f04adb4472ae,76414db4-a6f0-4a5c-9135-a46e7e1017d0,2025-04-13,Installation,4768.1,USD,IQP,Pending,369,"PartD, PartD, PartB",1,0,a3BQbqHTIbWEjT2HbCl4N96pnRnB1u,2025-08-31 11:35:29,4.3
63653449-2697-4ea3-8d5e-a528a428c673,b951513a-1fa0-4a53-bea5-e8b510de8d83,2025-05-06,Installation,4030.52,INR,ACK,Pending,461,,1,0,k9o2y5DDQjkDKA1 8PP6VuhuOxJn i,2025-08-31 11:35:29,4.5
a13cc05a-5058-4780-91fa-9151e14551a2,f5aa0895-04f6-43d7-b476-9930a06748fe,2025-01-26,Repair,3941.69,EUR,LNZ,InProgress,281,PartD,0,0,HvoVNWknY5eF5xCJD0QERrMBOZcaqE,2025-08-31 11:35:29,3.1
d9ea7154-360e-48e3-be05-bec8f7a4992a,683b0c76-fa61-4cf3-b240-2e8f1f8a7433,2025-04-25,Installation,4849.85,USD,JZL,InProgress,308,"PartB, PartC, PartD",0,1,djYWkxVjFVs0YxRuObhCIkxtnaMGrD,2025-08-31 11:35:29,2.7
6d935d06-ba35-4b69-9b11-7d15dea95b93,d227190a-3b8e-4c9d-aaf6-5ae31f12cd9f,2025-03-27,Maintenance,1841.49,INR,HUZ,Cancelled,146,"PartD, PartB",1,0,NZiSxDfWVe3EMd75off3lu Rnc08bP,2025-08-31 11:35:29,1.2
b4442f01-51db-49ec-9446-09490550f383,422f16b9-13c8-4437-b9d9-5e68c7ef5bd8,2025-03-28,Inspection,4649.28,EUR,SQK,InProgress,325,PartD,0,1,TfGGYZCKTTCRJrPYQfleUM0qITU YR,2025-08-31 11:35:29,1.9
0a951ba7-add1-4241-9a5d-9f7b39d66dfc,4fd59c21-dea1-440d-91f5-851db6466a8c,2025-03-14,Inspection,1230.96,USD,EEU,InProgress,43,,0,1,iu1f26IxOILvELduaTcDFPg8Y cxLP,2025-08-31 11:35:29,2.2
df80e65b-92d5-4fa9-9344-e7dd9de8611d,0a02c495-8c32-47b1-abde-754014eb073b,2025-01-25,Maintenance,1250.56,EUR,WBY,Cancelled,381,"PartA, PartD, PartD",0,1,zts HcOarAm6iZeDI3uKhpbVaACcFh,2025-08-31 11:35:29,2.0
b13fd7da-16e7-4e99-af9e-d27fbe48924a,29c386c9-62c5-46ed-86cc-1fb930f9e6e6,2025-03-10,Repair,3771.03,INR,ROH,Cancelled,218,PartD,0,1,27N93U 5IZ52O4vEJPG9RniGsZ2uL5,2025-08-31 11:35:29,3.4
69dc4afa-ea67-4ef3-87f0-6a536880d6f5,b8ae55d7-faed-407e-8263-c325f1c7530a,2025-01-01,Inspection,3270.57,EUR,MOW,InProgress,238,PartB,0,1,vVuuu6Att1QNmGQEKW1s0jHk0Bx3Jt,2025-08-31 11:35:29,3.1
4ff92c53-b80d-4103-bbd4-e8827e3005a7,a18a22ca-bd8d-42b7-996b-f64c8aa9a2d0,2025-04-09,Maintenance,2521.68,USD,GLN,Cancelled,211,PartC,0,0,QVl1Nc9i6m9C2Vs2H6pzICemrEi5tH,2025-08-31 11:35:29,3.6
15fbf18b-e687-4d2c-b9bf-e7555073b23e,3d22d823-3d8b-47a7-8d33-f355be40a659,2025-01-31,Inspection,784.05,EUR,VOH,Completed,413,"PartA, PartC, PartA",0,0,NV5XP a1SGbnTUz2uvl6bNXC85JRoE,2025-08-31 11:35:29,3.9
bdc85924-761f-495c-8994-3a0ebc023026,7a293951-220a-4d62-807a-d85f30a678a4,2025-07-04,Maintenance,1138.42,USD,PGK,InProgress,101,"PartA, PartC, PartC",0,1, ug2IuARHQQYFzP2VwiLcYztcxTVNE,2025-08-31 11:35:29,2.9
f23cb90b-b57f-4cd2-a3bb-04c4643d300e,a4cf15a6-71e0-4569-a799-82552682c40a,2025-02-02,Inspection,1425.68,INR,PEL,Cancelled,382,,0,1,zU2zl1TmclBhKDOe6LVdGMuUdzoyDC,2025-08-31 11:35:29,2.1
7dd0e072-4864-4655-abed-6957783df2fb,bfb0bfe0-6563-42b1-88db-4fd925a82b4b,2025-07-15,Maintenance,4815.78,INR,RJC,InProgress,131,"PartA, PartD",1,0,1BwKXd 3UPIrT2XpxH5N7dQZoHC6Or,2025-08-31 11:35:29,1.7
5459461d-b0c5-4b66-87cf-103b45221ac0,05353cc3-f8cb-440d-bce9-3236d4da4e6e,2024-10-09,Installation,3006.02,USD,TRT,Completed,451,"PartB, PartA, PartA",1,0,N4PqeJfV0r3kfx2wr5gQMgllns39ae,2025-08-31 11:35:29,4.5
1127eea9-15c4-41da-8d28-b83b6eb15039,bf9da793-7e86-44c2-bbc5-e65fc51eb97b,2024-10-14,Maintenance,2380.33,EUR,OLR,Pending,129,"PartB, PartC",1,0,lbJsIyotKa6KyXs RM362BHKnLu6xi,2025-08-31 11:35:29,3.3
9d8008d5-42e7-4b45-859e-9008520c15ea,d77304dd-1c6c-478b-a8f9-03877602d3ff,2025-03-18,Inspection,1658.24,INR,MPR,Pending,249,"PartD, PartC, PartD",0,1,VbX4JhkKa4c3DD8Iss9zjP IKpMMmI,2025-08-31 11:35:29,2.9
2e4ae7ce-bc68-4787-958e-a1504fd78683,26bc9a9d-81b7-416d-a1b6-21798fe98ec0,2025-01-30,Maintenance,2169.05,INR,FUG,Completed,352,PartD,0,0,RpAVQ qIa wltOoO8Yuh 2da3wPqRx,2025-08-31 11:35:29,4.9
58e39ab6-4f2a-43ee-b362-f34f67c64eb1,81cbd94a-253e-4ec4-a327-537424406899,2025-05-16,Maintenance,4471.97,INR,SEF,Completed,192,"PartA, PartA",1,1,DU4zJLqtBhGrlJ4wwM4xvATrwudwBZ,2025-08-31 11:35:29,2.6
a27cac47-8e06-471d-9609-991d8ea6bb95,3e830697-fb3b-4cdb-b9e5-38c26c4e7bee,2025-08-15,Repair,2837.79,INR,PUI,Pending,222,"PartC, PartB",1,1,B4thq0UFrzjRWiDXvSQi0BG4ODFh9j,2025-08-31 11:35:29,2.9
a31e1b10-1edb-4e5a-9e4f-256902f772c2,32371d8d-3e8d-431a-b8bc-5b25ce54b4fb,2024-12-03,Maintenance,4736.49,USD,POC,Cancelled,64,,1,1,fvlvpYiVrPd5cuiEEOEBf7xGic8oEb,2025-08-31 11:35:29,1.8
98ed2852-ce70-4222-babe-58c02495567f,4c4915b8-a825-4668-9ad3-b6b0e59fb91e,2025-05-12,Installation,3385.06,INR,SXL,Cancelled,129,,1,1,o87QDWQ7 o5pUqkccn7LHwurBTpCAq,2025-08-31 11:35:29,2.3
93091344-f842-4a32-b6ed-0720132b0041,da722f98-2053-473d-89cf-477f07d9dc6d,2025-05-13,Maintenance,1525.97,INR,FWH,Completed,399,,1,0,gepqumFrIrpE32oqjrq3HcSCB9PYaG,2025-08-31 11:35:29,1.7
aca515a4-404f-4dd4-ac8f-2a35a6e0646f,0e7138b6-3bd7-489d-972b-4f2c14dbda15,2025-01-16,Installation,3137.47,INR,SIF,InProgress,133,"PartC, PartA, PartD",1,1,AjjRofGGEFPwg0YOa1zWC0sdvzlC2Q,2025-08-31 11:35:29,4.0
3cf99e24-23d0-40a6-96ac-22ed940b7da4,0d33dd41-2660-4958-870d-1c8016eaa113,2025-03-06,Inspection,1758.33,INR,TLE,Completed,344,,0,0,B7IiVZlYLwv1LIucSLSF7p1c4meCMm,2025-08-31 11:35:29,3.2
921190c9-6528-40a4-9813-162dcd95ab31,1177ed4c-b55b-451d-949a-e502178f81b3,2025-06-02,Maintenance,3124.46,USD,GCE,Completed,65,"PartA, PartC, PartB",1,1, Dn6JFpFbfBnv2UaGTuF7XarnUJQ3h,2025-08-31 11:35:29,4.7
390fecc4-e9d4-4d24-a134-0403b0116824,c068077b-ae17-4a1e-ada0-71a263be5e6c,2024-10-17,Repair,1951.34,INR,DOA,Cancelled,284,,0,0,uQhZPvibN4pCeEDa8k ZmILIZF4LCZ,2025-08-31 11:35:29,1.6
4a60be04-b33b-40b8-9c96-aff7b02dbb61,ccd58369-41c6-4244-a411-451cf3d94e85,2024-11-20,Repair,2362.29,EUR,TBW,Cancelled,178,,0,1,5V0bPYItipHmpN9RwvnBssG8ulBpUL,2025-08-31 11:35:29,2.1
f78711ae-9a07-47dc-978d-b7f1173199b8,feed3286-62f1-4a8c-985a-07533d48c966,2024-09-13,Inspection,2877.29,USD,LAV,Cancelled,212,"PartC, PartA",1,0,mj9WNs26znqsMoG2zWADBELfJ4xA8V,2025-08-31 11:35:29,3.0
2d094a0e-c19a-4957-9c75-1b796b4dde8e,4b365020-712f-4174-b009-296eb7666c92,2024-11-04,Maintenance,931.44,INR,SHC,InProgress,346,,0,0,d4UMfrMuF1LWzropaXxR5fgBACpd9x,2025-08-31 11:35:29,1.2
46145987-b9c1-49a0-97e0-f83587fbac08,08c9902a-7032-4ecc-b78c-3dee7b23910e,2025-04-14,Maintenance,2740.37,INR,IMV,InProgress,158,"PartB, PartB, PartD",1,1,yKUTIIIz3myCyLL1Or wY8rmtwRtDF,2025-08-31 11:35:29,3.4
4863d125-78f1-45ee-888b-03b2f1fa4f7a,960902d1-867b-409d-b62c-183fde25bd82,2024-10-21,Maintenance,1207.01,INR,YXH,Pending,102,"PartB, PartC",1,1,Larz3W2AsNVj2lY2r2xqfjXmVmhnlY,2025-08-31 11:35:29,3.3
b3b97b69-c184-4956-bbb7-98ac49eccd07,de0b6baf-b31f-48b1-bf01-e1db3fd731c6,2025-04-08,Repair,4852.77,USD,XTW,Cancelled,86,"PartC, PartA, PartC",1,1,MWR4ff2Z3whVoYRgYjOl8nQzu6GwSK,2025-08-31 11:35:29,4.5
bde41997-b093-4b9e-aef2-785ad92379a7,b1581091-a3f6-4d51-9d64-d89b1d45e897,2025-05-01,Installation,1359.5,USD,AUC,Completed,423,,0,1,rEhLISpLgiz8UQkFcdpvmxek AOHzt,2025-08-31 11:35:29,2.6
1c9e40f8-c5b4-4908-9fc3-ab0e5af096a9,eaf6ea0a-cd6b-4b15-bac9-c117df9a7efe,2024-09-29,Repair,716.07,EUR,HVB,Completed,235,"PartC, PartB",1,0,9qfQN1plgstMTxIllb4G6WKYeeD0G7,2025-08-31 11:35:29,3.1
94e7468c-2bef-4bd0-9366-db835abfbaee,97cf6dcd-9b4e-44bb-85c2-10c7a1c62d8d,2025-07-24,Maintenance,4862.6,EUR,WWI,InProgress,286,"PartA, PartC",1,1,S25 fppOr8NMfmLPEPUt qavbg5VMO,2025-08-31 11:35:29,4.8
57c6ed03-3ec8-4096-a719-b4ee3335c965,cd65aef8-62c1-4020-8af4-eecbf2a9022f,2025-01-08,Inspection,2508.71,INR,BJA,Pending,36,"PartD, PartC",0,1,Emd7FBHjevSnlRbpFJo6JNDKaGYKtA,2025-08-31 11:35:29,5.0
43e44495-a457-4c6b-88bb-b685a7e42d46,ce2418cf-6ce5-4148-b3d2-5bddf6d797ba,2025-01-11,Installation,2159.92,INR,LUC,InProgress,411,"PartC, PartB, PartC",1,0,ZZ5YmZYGJ2kIhuAly63m pbkslzzzt,2025-08-31 11:35:29,1.0
d6be6381-6e7e-4296-a0c7-2fcaec7b1f84,58a6d3c1-fd12-4032-a249-917dbaef6a97,2025-06-05,Repair,1766.44,EUR,JBA,Completed,334,PartA,1,1,tv6Q11ApZ2IIKshytAFiVf5mV68Ucx,2025-08-31 11:35:29,3.6
ad17b247-2748-4238-8a15-a55720bf7a05,8c89c620-02db-4fc2-b6ca-44353e34b081,2025-03-27,Installation,1051.64,EUR,PFI,InProgress,108,"PartD, PartA",1,0,vZi0CemgXEglsTKYVcd2Q8cRmeDpcO,2025-08-31 11:35:29,1.9
35b1af77-77ad-492d-99d0-5547d03b4129,94d668ea-3b32-4367-9b62-40e2d6f34aa6,2025-08-31,Repair,4464.41,EUR,JNG,Pending,311,"PartC, PartD, PartB",0,1,LNBWoog7CxRyspqkz6uUL74I4MqHrg,2025-08-31 11:35:29,5.0
1a3ba389-e5f0-4dae-8591-28123020bb56,454ff685-e567-4ad9-b630-47b538d59ea1,2025-08-23,Maintenance,1142.88,INR,VUU,InProgress,468,"PartD, PartC",1,0,8EslnZ FOYGDhYaJ135WMjzL0xq7Tu,2025-08-31 11:35:29,4.2
b855614f-e164-405e-9635-ff103c4b100f,98d2d735-377c-4f48-aa8b-c9ac1e9ceaca,2025-06-10,Maintenance,3194.78,USD,PCW,Cancelled,470,PartD,0,0,g8gYaULPyJ2yHWomELFIvZ8goT4ne9,2025-08-31 11:35:29,3.5
12c21b41-7423-47cc-825d-14b9b50b54e2,a1779048-2fc1-46e0-8eb9-b04506d23b5a,2025-08-10,Maintenance,4003.15,USD,CTB,Pending,400,"PartB, PartB",1,0,w2si5BiBDK TjAeysUJzgKn6MyhkB0,2025-08-31 11:35:29,3.5
0b95742e-0235-4d4a-9470-b4881a2c69d1,45d346e0-2b35-4954-b355-d0f492f46a39,2024-10-21,Maintenance,1103.26,EUR,DVW,Cancelled,170,,1,0,9kIHIIVfpXPF2Ea8kGr5py  7OV8w0,2025-08-31 11:35:29,4.3
9ff53696-ee67-4ed2-93ff-3397110457ba,ce2f0d29-9338-4d9a-8182-72c63b6bd6d4,2025-08-15,Maintenance,1919.56,USD,GMA,Cancelled,216,"PartD, PartA, PartC",0,0,PSuNheHrjqNqzJMEWLTYzxSp7nj2r0,2025-08-31 11:35:29,1.4
aef92ac9-ae48-434c-a569-64b4abaa911a,b9a4c0f1-6d6b-40f5-b49d-5ebf2e680e03,2024-11-20,Repair,1973.66,INR,BRI,Pending,196,,0,1,f25bF43ReCQkYVbYOMkbGPBAFZYZT2,2025-08-31 11:35:29,3.9
55cc16fe-f743-436b-9f1e-ba184b2cc270,d17fac4f-5447-47a5-bd77-18f47d6abcb8,2025-03-03,Installation,1749.23,EUR,PLN,InProgress,361,"PartA, PartC",1,0,Vse5ddeE8fPLR0nKDxhMTAkGURIL4J,2025-08-31 11:35:29,1.6
a1bbd96d-1b49-4f00-b242-c3be15a09dbb,1ba9fd5e-8aaa-462c-9773-d92e4f124286,2025-07-18,Maintenance,4070.82,INR,ICY,Cancelled,285,PartA,1,1,kt8KdSeh1onYU1Z1kBjDHuGobIziMa,2025-08-31 11:35:29,2.3
82ccbbd1-51f1-490f-91ae-139fe902bb2c,85a89d49-9927-4c00-a761-36c8c63080d6,2025-06-16,Repair,1615.22,INR,NIX,Completed,253,"PartD, PartC",1,1,XgQMJrWAQ9FVzatPGwTnT0Xoyv73vH,2025-08-31 11:35:29,2.3
7f3ab570-a3a1-41cd-85c7-3d165e8cdc4f,e52b27e1-e99e-4b27-b3e3-58354c48193b,2024-10-06,Installation,4354.74,USD,DED,InProgress,476,PartD,0,1,r3EWhY8E6LXund1ikmnYvwAhIDjp0g,2025-08-31 11:35:29,1.1
e189813d-f915-4992-b220-a3db3145ffee,c28dc0d6-1249-4691-a729-9b6c9c169f75,2025-04-30,Maintenance,1491.78,USD,WMF,Pending,171,PartB,0,0,XOavGQA0yCJRfMnT Ypu2h9qtBBwu3,2025-08-31 11:35:29,3.2
fa5f00e3-6875-4779-a25e-ef1ef803d2a1,d4959bbf-ac7c-4ea8-9151-ad844a2c28df,2024-11-29,Repair,2967.06,USD,ZTP,Cancelled,345,"PartD, PartC",0,0,ggQ2VkO5mWphuiMOw SC 3miwMXq4N,2025-08-31 11:35:29,4.7
0e39962e-3d7b-478a-9e60-d27903015d05,f7fe0ec4-2305-4ef6-9712-43d0ad07752c,2025-05-09,Installation,2199.09,INR,XZQ,Completed,100,"PartC, PartD",1,0,XBm1e8lgetJgVZQ1bSRVPkN8C5 JsO,2025-08-31 11:35:29,4.6
44e75216-e879-48d6-9ed4-497a092ae52a,ee9cd10f-0b05-43e9-8947-b7b613f81c31,2025-08-03,Repair,1327.13,INR,HVV,InProgress,417,"PartB, PartA, PartA",1,0,ZxnBDjrZ48dJNmVv1hX5hU9MsaOCnl,2025-08-31 11:35:29,2.7
c8de4107-10e4-4c5a-83b4-a590b0b6e223,92022984-5480-4781-a210-bc09bb77c729,2025-02-04,Repair,1640.98,EUR,PSQ,Cancelled,190,"PartD, PartD",1,0,s97vhUo7LW7djvfXM7Br6bDEbaVaVt,2025-08-31 11:35:29,3.0
93f7cc59-03e5-4a17-9dbc-cf4d8c41561d,ce51f09a-de62-4362-85f7-c662ae015c8f,2025-05-14,Repair,2772.57,EUR,MBV,InProgress,472,"PartD, PartB, PartC",1,0,rkFTfZAPBNcbJOuXz4sUCfkn5qwN3l,2025-08-31 11:35:29,3.4
14a6ce5c-e19e-4500-97a9-fbd20ed54855,8a04dd0b-f56a-40f0-b116-5d1098fec3c7,2024-09-04,Installation,767.6,INR,KDG,Completed,280,,0,0,79edrj2egJpLEnl87MrLoWk4GXmXtI,2025-08-31 11:35:29,3.5
0ead2b0b-50d0-44f8-ba43-1a92fe361afa,2fe0947a-04d0-46e2-8674-cdaa265e175d,2024-09-10,Inspection,1574.61,EUR,WDU,Pending,193,,1,0,Y1170Ec0F3zdmJ4Xmk1QsQ81Aq03 g,2025-08-31 11:35:29,4.5
4cf16533-6978-4556-99a0-1132ecb7d731,1cd28649-eab6-4649-b463-e46bd5079044,2025-01-17,Maintenance,4314.76,EUR,AYG,Cancelled,78,,1,0,H7EK qKklPyQi7oyI0XFTFAjSFXe7W,2025-08-31 11:35:29,3.2
eca98c55-d003-4a81-bf24-38fd921e3c73,74125a48-287b-49f9-bdb6-c2aea9331471,2024-08-31,Inspection,3568.87,EUR,YCB,Pending,323,"PartA, PartD",1,1,MKwkxrysXXI6tXErRNFaY4oBuAeSQo,2025-08-31 11:35:29,2.0
cce4ae8e-c7df-4f1e-9f1a-c738344d5756,a813548f-5339-493d-996f-79542870efd5,2024-11-14,Inspection,4157.59,EUR,TWY,InProgress,365,PartC,1,0,sztEEtWFdg17nYjnuhRF3rzUnRXAXM,2025-08-31 11:35:29,4.4
955368af-4f0d-46b3-8e00-bc80c1e50218,469bf51c-df68-4fd1-a8a1-6da602251522,2024-09-30,Repair,4800.44,INR,PZH,Cancelled,350,"PartC, PartA, PartC",1,0,2CigV55eCzNhfZDYlxIvukZMI1HY5J,2025-08-31 11:35:29,2.2
99d665f7-f3db-4ae4-86b2-7105355b5284,28d6ee72-b1c7-4740-a670-538fceb792e8,2025-05-11,Inspection,4139.6,INR,HGX,Pending,83,PartB,0,0,1TXkp7a8P6C61Xo0eu307JxRCATm2R,2025-08-31 11:35:29,4.2
dc8527fc-ea81-4f49-8c42-9be97172cfc7,5f875ef2-825b-49ca-97f1-3aaae0bd1220,2025-04-02,Maintenance,4520.73,INR,LKN,Cancelled,192,"PartA, PartD, PartC",1,1,ykVgj5GKUOjG7aszNFBkmrf063Innq,2025-08-31 11:35:29,3.9
fd7aacf8-9bd9-40df-b285-9c384c98fdc3,2f5c1e13-b040-4036-9d6e-89b12ae278a8,2024-12-17,Repair,3130.62,USD,SGS,Cancelled,358,,1,0,CJ90rnscYel3fekbw6cOB64LZQQ2x6,2025-08-31 11:35:29,3.4
ead849ac-c221-4a42-9194-33fd0433948e,d717117d-0098-4ecd-8762-67b7861484d1,2025-02-22,Installation,2928.85,USD,YHX,Cancelled,72,,1,0,xNkjDBoNHc3CPfG1uacKJCDMxBHumb,2025-08-31 11:35:29,2.9
9fe77b4d-9de6-4994-9fb4-0d9a3d4356b1,f3ea300f-783a-4b40-b1c4-df49d44b3530,2024-12-07,Installation,772.86,INR,NDJ,Completed,42,PartC,1,1,9dy ZJ3ktAGt2Tj5GXALJQUdo srIb,2025-08-31 11:35:29,4.8
ae5cfb19-f893-4bf9-8d7d-b2259c07bb1a,a0f675cc-cc5e-4230-bd99-9c89fbd28419,2024-09-06,Installation,2137.18,USD,TBH,Pending,407,"PartB, PartA, PartC",1,0,3RikMjhFS6ZTwOTRcHOLPQQkd1WINp,2025-08-31 11:35:29,4.9
870df6c9-2c01-4ad1-bb4c-0ac663284f0e,c922fe68-6993-4e1f-831b-ae8bd4ad1b95,2025-05-01,Inspection,3393.94,USD,WJU,Pending,79,,0,1,8a6tS3iRLf1PNLp diVEthnmqRM6aU,2025-08-31 11:35:29,2.1
7c758d23-213a-41bc-99f4-332c0eb118c0,21e2a9e3-f359-4b80-84a8-753e05b9e976,2024-12-21,Installation,4977.53,USD,YYV,InProgress,206,,0,1,pcUJvfmfdFxd8RltFTDhPtD47Q6RjJ,2025-08-31 11:35:29,1.4
85722361-f206-4646-93e4-8c347708d3af,59381ae2-cca8-41bc-9d01-36e65223d140,2025-07-02,Maintenance,3906.58,INR,NOI,Completed,364,"PartD, PartD, PartB",1,0,pOt0gOwKmK 5scJJvelHRxu0IddpdW,2025-08-31 11:35:29,2.2
c6459b90-790d-4f63-b080-285151dc9f90,928392d7-3de1-47af-a19e-7d4225de7941,2025-06-29,Maintenance,3088.08,USD,KWE,Pending,464,,0,1,jivhfLmBxOeSHVLKZSoMkbAkiGLw0B,2025-08-31 11:35:29,1.3
354e8d4e-4a4b-40b8-90e0-d0929a718b28,290192ea-2a41-4ba1-89ba-45cbfa8f682c,2024-12-21,Maintenance,4162.15,USD,QPO,Completed,253,"PartD, PartD",0,1,hDzNJ2DZ43mX9sOqsEImJd9iHFAwRt,2025-08-31 11:35:29,1.7
0e5ad49b-b521-462c-956b-ebbac2347d08,e6a99132-d6f2-4a3e-9e07-5500925b4636,2024-10-21,Installation,4667.31,INR,LAL,Cancelled,425,"PartA, PartB",0,0,j3Il4nOMQIPnTdsNyEWIkSS9eTsgIO,2025-08-31 11:35:29,3.0
